Workbook

Sheet 18
B1: 45795 | E1: ME MAYO
E2: 207588
B3: DESPACHO DEL DÍA POR TIPO DE CEMENTO | H3: PLAN | I3: REAL | J3: %
D4: =D24 -> 4787.61 | F4: LUNES | G4: 45789 | H4: 6679 | I4: 6034.43 | J4: =+I4/H4 -> 0.90349304
B5: CEM. FRONTERA GU X 42.5 KG | C5: 760 | D5: 32.4 | F5: MARTES | G5: 45790 | H5: 8467 | I5: 8258.22 | J5: =+I5/H5 -> 0.97534192
B6: CEMENTO FRONTERA IP x 42.5 KG | C6: 13510 | D6: 577.034 | F6: MIÉRCOLES | G6: 45791 | H6: 7756 | I6: 7996.87 | J6: =+I6/H6 -> 1.031056
B7: CEMENTO HS+R X 42.5 KG RUMI | C7: 16090 | D7: 686.54 | F7: JUEVES | G7: 45792 | H7: 6272 | I7: 7600.04 | J7: =+I7/H7 -> 1.2117411
B8: CEMENTO PORTLAND TIPO I X 42.5 KG YURA | C8: 1490 | D8: 63.54 | F8: VIERNES | G8: 45793 | H8: 6051 | I8: 7593.12 | J8: =+I8/H8 -> 1.2548537
B9: CEMENTO YURA ANTISALITRE (MS) X 42.5 KG | C9: 15800 | D9: 674.722 | F9: SÁBADO | G9: 45794 | H9: 5851 | I9: 6283.62 | J9: =+I9/H9 -> 1.0739395
B10: CEMENTO YURA MAX (HS) X 42.5KG | C10: 23248 | D10: 991.952 | F10: DOMINGO | G10: 45795 | H10: 3600 | I10: 4787.61 | J10: =+I10/H10 -> 1.3298917
B11: CEMENTO YURA PRO (HE) 42.5KG | C11: 6857 | D11: 292.472 | H11: =+SUM(H4:H10) -> 44676 | I11: =+SUM(I4:I10) -> 48553.91 | J11: =+I11/H11 -> 1.0868007
B12: CEM.PORTL.IP(GRADO CORRIENTE)X25KG CHILE | C12: 5424 | D12: 137.302
B13: CEMENTO ANTISALITRE TIPO HS x 25KG YURA | C13: 1224 | D13: 30.818
B14: CEM. PORT. I BBx1.5TM INC.ENV YURA | C14: 41 | D14: 61.9
B15: CEMENTO YURA PRO (HE) BBx1.5TM INC.ENV | C15: 193 | D15: 291.84
B16: CEM ALT REST IN HE BB1.5TM YURA ENV CHIL | C16: 68 | D16: 102.83 | I16: =+E2*2% -> 4151.76 | K16: =+I16/1.5 -> 2767.84
B17: CEM.YURA ANTISALITRE MS BBx1.5TM INC.ENV
B18: CEMENTO YURA MAX BBx1.5TM INC.ENV | C18: 130 | D18: 195.29
B19: CEM. PORT. PUZ. IP BBx1.5TM INC.ENV YURA | C19: 107 | D19: 160.71 | E19: =+C19/D4 -> 0.022349356
B20: CEMENTO BLANCO BIGBAGx1.5TM EXP.BOLIVIA
B21: CEMENTO YURA PRO (HE) GRANEL EN BOMBONA | D21: 336.18
B22: CEMENTO YURA IP A GRANEL EN BOMBONA | D22: 152.08
B23: CEMENTO YURA MAX GRANEL BOMBONA
B24: DESPACHO T.M. DEL DIA | D24: =SUM(D5:D23) -> 4787.61
B25: ACUMULADO MES | D25: 117383.13 | E25: =+D25/E2 -> 0.56546203
D26: =+(E2/31)*18 -> 120534.97 | E26: =+D26/E2 -> 0.58064516
D27: =+D25-D26 -> -3151.8357 | E27: =+E25-E26 -> -0.015183131
B29: TEMPORALES
B30: TEMPORAL 1 | C30: 865
B31: TEMPORAL 2 | C31: 1618 | D31: CEMENTO BLANCO 25 Kg. | E31: 13159 | F31: 328.975
B32: MISTI | C32: 947 | D32: CEMENTO BLANCO BIGBAG x 1.5TM | E32: 208 | F32: 312
C33: =+SUM(C30:C32) -> 3430
B35: CARROS
B36: PLAYA | C36: LLAMADO | D36: PROCESO DE C | E36: TOTAL
B37: 2 | C37: 2 | D37: 10 | E37: =+SUM(B37:D37) -> 14
A39: H1 | E39: RENDIMIENTO
A40: H2 | B40: 4.33 | C40: 2374 | D40: 3600 | E40: =+C40/D40 -> 0.65944444
A41: H3 | B41: 7.52 | C41: 2898 | D41: 3600 | E41: =+C41/D41 -> 0.805
A42: H4 | B42: 10.34 | C42: 2273 | D42: 3900 | E42: =+C42/D42 -> 0.58282051
A43: H5 | B43: 8.57 | C43: 3029 | D43: 3900 | E43: =+C43/D43 -> 0.77666667
A44: V | B44: EN PROCESO DE RETIRO DE TOLVIN
D45: HR
B46: SILO 8 | C46: 4 | D46: 5
C47: 6 | D47: 9

Sheet 19
B1: 45796 | E1: ME MAYO
E2: 207588
B3: DESPACHO DEL DÍA POR TIPO DE CEMENTO | H3: PLAN | I3: REAL | J3: %
D4: =D24 -> 6031.438 | F4: LUNES | G4: 45796 | H4: 6179 | I4: 6031.438 | J4: =+I4/H4 -> 0.97611879
B5: CEM. FRONTERA GU X 42.5 KG | C5: 3005 | D5: 128.16 | E5: =+D5/$D$4 -> 0.021248664 | F5: MARTES | G5: 45797 | H5: 8374 | J5: =+I5/H5 -> 0
B6: CEMENTO FRONTERA IP x 42.5 KG | C6: 15578 | D6: 665.804 | E6: =+D6/$D$4 -> 0.11038893 | F6: MIÉRCOLES | G6: 45798 | H6: 7620 | J6: =+I6/H6 -> 0
B7: CEMENTO HS+R X 42.5 KG RUMI | C7: 10908 | D7: 464.97 | E7: =+D7/$D$4 -> 0.077091068 | F7: JUEVES | G7: 45799 | H7: 7440 | J7: =+I7/H7 -> 0
B8: CEMENTO PORTLAND TIPO I X 42.5 KG YURA | C8: 2028 | D8: 86.529 | E8: =+D8/$D$4 -> 0.01434633 | F8: VIERNES | G8: 45800 | H8: 7740 | J8: =+I8/H8 -> 0
B9: CEMENTO YURA ANTISALITRE (MS) X 42.5 KG | C9: 21737 | D9: 928.714 | E9: =+D9/$D$4 -> 0.15397887 | F9: SÁBADO | G9: 45801 | H9: 6194 | J9: =+I9/H9 -> 0
B10: CEMENTO YURA MAX (HS) X 42.5KG | C10: 33794 | D10: 1441.177 | E10: =+D10/$D$4 -> 0.23894418 | F10: DOMINGO | G10: 45802 | H10: 4327 | J10: =+I10/H10 -> 0
B11: CEMENTO YURA PRO (HE) 42.5KG | C11: 7647 | D11: 326.274 | E11: =+D11/$D$4 -> 0.054095557 | H11: =+SUM(H4:H10) -> 47874 | I11: =+SUM(I4:I10) -> 6031.438 | J11: =+I11/H11 -> 0.12598567
B12: CEM YURA ESPECIAL (HS) X 42.5 KG | C12: 1620 | D12: 69.06 | E12: =+D12/$D$4 -> 0.011450006
B13: CEMENTO ANTISALITRE TIPO HS x 25KG YURA | E13: =+D13/$D$4 -> 0
B14: CEM. PORT. I BBx1.5TM INC.ENV YURA | C14: 22 | D14: 33.21 | E14: =+D14/$D$4 -> 0.0055061496
B15: CEMENTO YURA PRO (HE) BBx1.5TM INC.ENV | C15: 377 | D15: 569.08 | E15: =+D15/$D$4 -> 0.094352292
B16: CEM ALT REST IN HE BB1.5TM YURA ENV CHIL | C16: 226 | D16: 341.01 | E16: =+D16/$D$4 -> 0.056538756
B17: CEM.YURA ANTISALITRE MS BBx1.5TM INC.ENV | C17: 22 | D17: 33.06 | E17: =+D17/$D$4 -> 0.0054812799
B18: CEMENTO YURA MAX BBx1.5TM INC.ENV | C18: 265 | D18: 397.99 | E18: =+D18/$D$4 -> 0.065985922
B19: CEM. PORT. PUZ. IP BBx1.5TM INC.ENV YURA | C19: 21 | D19: 31.55 | E19: =+D19/$D$4 -> 0.005230925
B20: CEMENTO BLANCO BIGBAGx1.5TM EXP.BOLIVIA | D20: 30 | E20: =+D20/$D$4 -> 0.0049739382
B21: CEMENTO YURA PRO (HE) GRANEL EN BOMBONA | D21: 364.88 | E21: =+D21/$D$4 -> 0.060496353
B22: CEMENTO YURA IP A GRANEL EN BOMBONA | D22: 119.97 | E22: =+D22/$D$4 -> 0.019890779
B23: CEMENTO YURA MAX GRANEL BOMBONA | E23: =+D23/$D$4 -> 0
B24: DESPACHO T.M. DEL DIA | D24: =SUM(D5:D23) -> 6031.438
B25: ACUMULADO MES | D25: 123551.92 | E25: =+D25/E2 -> 0.59517853
D26: =+(E2/31)*19 -> 127231.35 | E26: =+D26/E2 -> 0.61290323
D27: =+D25-D26 -> -3679.4348 | E27: =+E25-E26 -> -0.017724699
B29: TEMPORALES
B30: TEMPORAL 1 | C30: 495
B31: TEMPORAL 2 | C31: 1288 | D31: CEMENTO BLANCO 25 Kg. | E31: 13062 | F31: 326.55
B32: MISTI | C32: 675 | D32: CEMENTO BLANCO BIGBAG x 1.5TM | E32: 182 | F32: 273
C33: =+SUM(C30:C32) -> 2458
B35: CARROS
B36: PLAYA | C36: LLAMADO | D36: PROCESO DE C | E36: TOTAL
B37: 19 | C37: 1 | D37: 10 | E37: =+SUM(B37:D37) -> 30
E39: RENDIMIENTO
A40: H1
A41: H2 | B41: 4.6 | C41: 2438 | D41: 3600 | E41: =+C41/D41 -> 0.67722222
A42: H3 | B42: 6.26 | C42: 2777 | D42: 3600 | E42: =+C42/D42 -> 0.77138889
A43: H4 | B43: 13.63 | C43: 2761 | D43: 3900 | E43: =+C43/D43 -> 0.70794872
A44: H5 | B44: 14.45 | C44: 3166 | D44: 3900 | E44: =+C44/D44 -> 0.81179487
A45: V | B45: EN PROCESO DE RETIRO DE TOLVIN
C46: COMPUERTA | D46: HR
B47: SILO 8 | C47: 4 | D47: 3
C48: 6 | D48: 16

Sheet 20
B1: 45797 | E1: ME MAYO
E2: 207588
B3: DESPACHO DEL DÍA POR TIPO DE CEMENTO | H3: PLAN | I3: REAL | J3: %
D4: =D25 -> 8456.916 | F4: LUNES | G4: 45796 | H4: 6179 | I4: 6031.438 | J4: =+I4/H4 -> 0.97611879
B5: CEM. FRONTERA GU X 42.5 KG | C5: 9363 | D5: 399.658 | E5: =+D5/$D$4 -> 0.047258126 | F5: MARTES | G5: 45797 | H5: 8374 | I5: 8456.916 | J5: =+I5/H5 -> 1.0099016
B6: CEMENTO FRONTERA IP x 42.5 KG | C6: 10345 | D6: 441.594 | E6: =+D6/$D$4 -> 0.052216907 | F6: MIÉRCOLES | G6: 45798 | H6: 7620 | J6: =+I6/H6 -> 0
B7: CEMENTO HS+R X 42.5 KG RUMI | C7: 23222 | D7: 990.61 | E7: =+D7/$D$4 -> 0.11713608 | F7: JUEVES | G7: 45799 | H7: 7440 | J7: =+I7/H7 -> 0
B8: CEMENTO PORTLAND TIPO I X 42.5 KG YURA | C8: 3137 | D8: 133.63 | E8: =+D8/$D$4 -> 0.015801268 | F8: VIERNES | G8: 45800 | H8: 7740 | J8: =+I8/H8 -> 0
B9: CEMENTO YURA ANTISALITRE (MS) X 42.5 KG | C9: =45436+780 -> 46216 | D9: =1939.69+33.282 -> 1972.972 | E9: =+D9/$D$4 -> 0.23329687 | F9: SÁBADO | G9: 45801 | H9: 6194 | J9: =+I9/H9 -> 0
B10: CEMENTO YURA MAX (HS) X 42.5KG | C10: =49869+720 -> 50589 | D10: =2127.228+30.75 -> 2157.978 | E10: =+D10/$D$4 -> 0.25517316 | F10: DOMINGO | G10: 45802 | H10: 4327 | J10: =+I10/H10 -> 0
B11: CEMENTO YURA PRO (HE) 42.5KG | C11: 13420 | D11: 573.014 | E11: =+D11/$D$4 -> 0.067756851 | H11: =+SUM(H4:H5) -> 14553 | I11: =+SUM(I4:I10) -> 14488.354 | J11: =+I11/H11 -> 0.99555789
B12: CEM YURA ESPECIAL (HS) X 42.5 KG | E12: =+D12/$D$4 -> 0
B13: CEMENTO ANTISALITRE TIPO HS x 25KG YURA | E13: =+D13/$D$4 -> 0
B14: CEM. PORT. I BBx1.5TM INC.ENV YURA | E14: =+D14/$D$4 -> 0
B15: CEMENTO YURA PRO (HE) BBx1.5TM INC.ENV | C15: 107 | D15: 161.37 | E15: =+D15/$D$4 -> 0.019081424
B16: CEM ALT REST IN HE BB1.5TM YURA ENV CHIL | C16: =157+22 -> 179 | D16: =236.27+33.19 -> 269.46 | E16: =+D16/$D$4 -> 0.031862679
B17: CEM.YURA ANTISALITRE MS BBx1.5TM INC.ENV | C17: 24 | D17: 36.03 | E17: =+D17/$D$4 -> 0.0042604183
B18: CEMENTO YURA MAX BBx1.5TM INC.ENV | C18: 126 | D18: 189.31 | E18: =+D18/$D$4 -> 0.022385229
B19: CEM. PORT. PUZ. IP BBx1.5TM INC.ENV YURA | C19: 62 | D19: 93.03 | E19: =+D19/$D$4 -> 0.011000464
B20: CEM.ANTISALITRE HS BBx1.5TM INC.ENV YURA | C20: =100+20 -> 120 | D20: =150.81+30.02 -> 180.83 | E20: =+D20/$D$4 -> 0.021382499
B21: FILLER INDUSTRIAL BB1.5TM | C21: 21 | D21: 31.68 | E21: =+D21/$D$4 -> 0.0037460464
B22: CEMENTO YURA PRO (HE) GRANEL EN BOMBONA | D22: 548.26 | E22: =+D22/$D$4 -> 0.06482978
B23: CEMENTO YURA IP A GRANEL EN BOMBONA | D23: 277.49 | E23: =+D23/$D$4 -> 0.032812198
B24: CEMENTO YURA MAX GRANEL BOMBONA | E24: =+D24/$D$4 -> 0
B25: DESPACHO T.M. DEL DIA | D25: =SUM(D5:D24) -> 8456.916
B26: ACUMULADO MES | D26: 132008.84 | E26: =+D26/E2 -> 0.63591747
D27: =+(E2/31)*20 -> 133927.74 | E27: =+D27/E2 -> 0.64516129
D28: =+D26-D27 -> -1918.9059 | E28: =E26-E27 -> -0.0092438192
B30: TEMPORALES
B31: TEMPORAL 1 | C31: 158
B32: TEMPORAL 2 | C32: 1108 | D32: CB 25 Kg. | E32: 15223 | F32: 380.575
B33: MISTI | C33: 479 | D33: CB BIGBAG x 1.5TM | E33: 182 | F33: 273
C34: =+SUM(C31:C33) -> 1745
B36: CARROS
B37: PLAYA | C37: LLAMADO | D37: PROCESO DE C | E37: TOTAL
B38: 30 | C38: 24 | D38: 2 | E38: =+SUM(B38:D38) -> 56
E40: RENDIMIENTO
A41: H1
A42: H2 | B42: 6.99 | C42: 2252 | D42: 3600 | E42: =+C42/D42 -> 0.62555556
A43: H3 | B43: 10.43 | C43: 2872 | D43: 3600 | E43: =+C43/D43 -> 0.79777778
A44: H4 | B44: 15.34 | C44: 2792 | D44: 3900 | E44: =+C44/D44 -> 0.71589744
A45: H5 | B45: 15.74 | C45: 2969 | D45: 3900 | E45: =+C45/D45 -> 0.76128205
A46: V | B46: EN PROCESO DE RETIRO DE TOLVIN
C47: COMPUERTA | D47: HR
B48: SILO 8
C49: 6 | D49: 16

Sheet 21
B1: 45798 | E1: ME MAYO
E2: 207588
B3: DESPACHO DEL DÍA POR TIPO DE CEMENTO | H3: PLAN | I3: REAL | J3: %
D4: =D25 -> 7665.696 | F4: LUNES | G4: 45796 | H4: 6179 | I4: 6031.438 | J4: =+I4/H4 -> 0.97611879
B5: CEM. FRONTERA GU X 42.5 KG | C5: 1480 | D5: 63.05 | E5: =+D5/$D$4 -> 0.0082249544 | F5: MARTES | G5: 45797 | H5: 8374 | I5: 8456.916 | J5: =+I5/H5 -> 1.0099016
B6: CEMENTO FRONTERA IP x 42.5 KG | C6: 21790 | D6: 930.058 | E6: =+D6/$D$4 -> 0.12132727 | F6: MIÉRCOLES | G6: 45798 | H6: 7620 | I6: 7665.696 | J6: =+I6/H6 -> 1.0059969
B7: CEMENTO HS+R X 42.5 KG RUMI | C7: 12882 | D7: 549.56 | E7: =+D7/$D$4 -> 0.071690816 | F7: JUEVES | G7: 45799 | H7: 7440 | J7: =+I7/H7 -> 0
B8: CEMENTO PORTLAND TIPO I X 42.5 KG YURA | C8: 4620 | D8: 197.12 | E8: =+D8/$D$4 -> 0.02571456 | F8: VIERNES | G8: 45800 | H8: 7740 | J8: =+I8/H8 -> 0
B9: CEMENTO YURA ANTISALITRE (MS) X 42.5 KG | C9: 27412 | D9: 1169.354 | E9: =+D9/$D$4 -> 0.15254375 | F9: SÁBADO | G9: 45801 | H9: 6194 | J9: =+I9/H9 -> 0
B10: CEMENTO YURA MAX (HS) X 42.5KG | C10: 52254 | D10: 2228.946 | E10: =+D10/$D$4 -> 0.2907689 | F10: DOMINGO | G10: 45802 | H10: 4327 | J10: =+I10/H10 -> 0
B11: CEMENTO YURA PRO (HE) 42.5KG | C11: 10179 | D11: 434.178 | E11: =+D11/$D$4 -> 0.056639084 | H11: =+SUM(H4:H6) -> 22173 | I11: =+SUM(I4:I10) -> 22154.05 | J11: =+I11/H11 -> 0.99914536
B12: CEM YURA ESPECIAL (HS) X 42.5 KG | E12: =+D12/$D$4 -> 0
B13: CEMENTO ANTISALITRE TIPO HS x 25KG YURA | E13: =+D13/$D$4 -> 0
B14: CEM. PORT. I BBx1.5TM INC.ENV YURA | C14: 63 | D14: 95.1 | E14: =+D14/$D$4 -> 0.012405919
B15: CEMENTO YURA PRO (HE) BBx1.5TM INC.ENV | C15: 393 | D15: 591.72 | E15: =+D15/$D$4 -> 0.077190643
B16: CEM ALT REST IN HE BB1.5TM YURA ENV CHIL | C16: 176 | D16: 265.18 | E16: =+D16/$D$4 -> 0.034593075
B17: CEM.YURA ANTISALITRE MS BBx1.5TM INC.ENV | E17: =+D17/$D$4 -> 0
B18: CEMENTO YURA MAX BBx1.5TM INC.ENV | C18: 294 | D18: 441.92 | E18: =+D18/$D$4 -> 0.057649038
B19: CEM. PORT. PUZ. IP BBx1.5TM INC.ENV YURA | E19: =+D19/$D$4 -> 0
B20: CEM.ANTISALITRE HS BBx1.5TM INC.ENV YURA | C20: 40 | D20: 60.2 | E20: =+D20/$D$4 -> 0.0078531682
B21: FILLER INDUSTRIAL BB1.5TM | C21: 22 | D21: 33.07 | E21: =+D21/$D$4 -> 0.0043140245
B22: CEMENTO YURA PRO (HE) GRANEL EN BOMBONA | D22: 304.09 | E22: =+D22/$D$4 -> 0.039668935
B23: CEMENTO YURA IP A GRANEL EN BOMBONA | D23: 213.15 | E23: =+D23/$D$4 -> 0.027805694
B24: CEMENTO YURA MAX GRANEL BOMBONA | D24: 89 | E24: =+D24/$D$4 -> 0.011610166
B25: DESPACHO T.M. DEL DIA | D25: =SUM(D5:D24) -> 7665.696
B26: ACUMULADO MES | D26: 139709.12 | E26: =+D26/E2 -> 0.67301155
D27: =+(E2/31)*21 -> 140624.13 | E27: =+D27/E2 -> 0.67741935
D28: =+D26-D27 -> -915.00703 | E28: =E26-E27 -> -0.0044078031
B30: TEMPORALES
B31: TEMPORAL 1 | C31: 171
B32: TEMPORAL 2 | C32: 981 | D32: CB 25 Kg. | E32: 14755 | F32: 368.875
B33: MISTI | C33: 408 | D33: CB BIGBAG x 1.5TM | E33: 182 | F33: 273
C34: =+SUM(C31:C33) -> 1560
B36: CARROS
B37: PLAYA | C37: LLAMADO | D37: PROCESO DE C | E37: TOTAL
B38: 33 | C38: 1 | D38: 24 | E38: =+SUM(B38:D38) -> 58
E40: RENDIMIENTO
A41: H1
A42: H2 | B42: 11.29 | C42: 2354 | D42: 3600 | E42: =+C42/D42 -> 0.65388889
A43: H3 | B43: 6.36 | C43: 2674 | D43: 3600 | E43: =+C43/D43 -> 0.74277778
A44: H4 | B44: 13.6 | C44: 2726 | D44: 3900 | E44: =+C44/D44 -> 0.69897436
A45: H5 | B45: 14.23 | C45: 2978 | D45: 3900 | E45: =+C45/D45 -> 0.76358974
A46: V | B46: EN PROCESO DE RETIRO DE TOLVIN
C47: COMPUERTA | D47: HR
B48: SILO 8 | C48: 4 | D48: 6
C49: 6 | D49: 15

Sheet 22
B1: =TODAY()-1 -> 46171 | E1: ME MAYO
E2: 207588
B3: DESPACHO DEL DÍA POR TIPO DE CEMENTO | H3: PLAN | I3: REAL | J3: %
D4: =D25 -> 7779.232 | F4: LUNES | G4: 45796 | H4: 6179 | I4: 6031.438 | J4: =+I4/H4 -> 0.97611879
B5: CEM. FRONTERA GU X 42.5 KG | C5: 4600 | D5: 196.312 | E5: =+D5/$D$4 -> 0.025235396 | F5: MARTES | G5: 45797 | H5: 8374 | I5: 8456.916 | J5: =+I5/H5 -> 1.0099016
B6: CEMENTO FRONTERA IP x 42.5 KG | C6: 23154 | D6: 987.748 | E6: =+D6/$D$4 -> 0.12697243 | F6: MIÉRCOLES | G6: 45798 | H6: 7620 | I6: 7665.696 | J6: =+I6/H6 -> 1.0059969
B7: CEMENTO HS+R X 42.5 KG RUMI | C7: 19868 | D7: 847.56 | E7: =+D7/$D$4 -> 0.10895163 | F7: JUEVES | G7: 45799 | H7: 7440 | I7: 7779.232 | J7: =+I7/H7 -> 1.0455957
B8: CEMENTO PORTLAND TIPO I X 42.5 KG YURA | C8: 750 | D8: 32.05 | E8: =+D8/$D$4 -> 0.004119944 | F8: VIERNES | G8: 45800 | H8: 7740 | J8: =+I8/H8 -> 0
B9: CEMENTO YURA ANTISALITRE (MS) X 42.5 KG | C9: 28721 | D9: 1225.034 | E9: =+D9/$D$4 -> 0.15747493 | F9: SÁBADO | G9: 45801 | H9: 6194 | J9: =+I9/H9 -> 0
B10: CEMENTO YURA MAX (HS) X 42.5KG | C10: 47258 | D10: 2013.732 | E10: =+D10/$D$4 -> 0.25886 | F10: DOMINGO | G10: 45802 | H10: 4327 | J10: =+I10/H10 -> 0
B11: CEMENTO YURA PRO (HE) 42.5KG | C11: 13770 | D11: 586.926 | E11: =+D11/$D$4 -> 0.075447808 | H11: =+SUM(H4:H6) -> 22173 | I11: =+SUM(I4:I10) -> 29933.282 | J11: =+I11/H11 -> 1.3499879
B12: CEM YURA ESPECIAL (HS) X 42.5 KG | E12: =+D12/$D$4 -> 0
B13: CEMENTO ANTISALITRE TIPO HS x 25KG YURA | E13: =+D13/$D$4 -> 0
B14: CEM. PORT. I BBx1.5TM INC.ENV YURA | E14: =+D14/$D$4 -> 0
B15: CEMENTO YURA PRO (HE) BBx1.5TM INC.ENV | C15: 322 | D15: 484.18 | E15: =+D15/$D$4 -> 0.062240077
B16: CEM ALT REST IN HE BB1.5TM YURA ENV CHIL | C16: 175 | D16: 263.52 | E16: =+D16/$D$4 -> 0.033874809
B17: CEM.YURA ANTISALITRE MS BBx1.5TM INC.ENV | C17: 22 | D17: 33.05 | E17: =+D17/$D$4 -> 0.0042484914
B18: CEMENTO YURA MAX BBx1.5TM INC.ENV | C18: 289 | D18: 434.77 | E18: =+D18/$D$4 -> 0.05588855
B19: CEM. PORT. PUZ. IP BBx1.5TM INC.ENV YURA | C19: 64 | D19: 96.2 | E19: =+D19/$D$4 -> 0.012366259
B20: CEMENTO BLANCO A GRANEL EN BBx1.5 YURA | C20: 20 | D20: 30.04 | E20: =+D20/$D$4 -> 0.0038615637
B21: FILLER INDUSTRIAL BB1.5TM | E21: =+D21/$D$4 -> 0
B22: CEMENTO YURA PRO (HE) GRANEL EN BOMBONA | D22: 393.95 | E22: =+D22/$D$4 -> 0.050641246
B23: CEMENTO YURA IP A GRANEL EN BOMBONA | D23: 93.6 | E23: =+D23/$D$4 -> 0.012032036
B24: CEMENTO YURA MAX GRANEL BOMBONA | D24: 60.56 | E24: =+D24/$D$4 -> 0.0077848302
B25: DESPACHO T.M. DEL DIA | D25: =SUM(D5:D24) -> 7779.232
B26: ACUMULADO MES | D26: 147488.35 | E26: =+D26/E2 -> 0.71048593
D27: =+(E2/31)*22 -> 147320.52 | E27: =+D27/E2 -> 0.70967742
D28: =+D26-D27 -> 167.83787 | E28: =E26-E27 -> 0.00080851432
B30: TEMPORALES
B31: TEMPORAL 1 | C31: 98
B32: TEMPORAL 2 | C32: 904 | D32: CB 25 Kg. | E32: 14755 | F32: 368.875
B33: MISTI | C33: 477 | D33: CB BIGBAG x 1.5TM | E33: 162 | F33: 243
C34: =+SUM(C31:C33) -> 1479
B36: CARROS
B37: PLAYA | C37: LLAMADO | D37: PROCESO DE C | E37: TOTAL
B38: 33 | C38: 1 | D38: 24 | E38: =+SUM(B38:D38) -> 58
E40: RENDIMIENTO
A41: H1 | F41: Operativos | G41: Módulos
A42: H2 | B42: 13.2 | C42: 2368 | D42: 3600 | E42: =+C42/D42 -> 0.65777778 | F42: 10 | G42: 12
A43: H3 | B43: 4.62 | C43: 2552 | D43: 3600 | E43: =+C43/D43 -> 0.70888889
A44: H4 | B44: 18.06 | C44: 2841 | D44: 3900 | E44: =+C44/D44 -> 0.72846154
A45: H5 | B45: 16.16 | C45: 2956 | D45: 3900 | E45: =+C45/D45 -> 0.75794872 | F45: 11
A46: V | B46: EN PROCESO DE RETIRO DE TOLVIN
C47: COMPUERTA | D47: HR
B48: SILO 8 | C48: 4 | D48: 3
C49: 6 | D49: 18

Sheet 25
B1: 45802 | E1: ME MAYO
E2: 207588
B3: DESPACHO DEL DÍA POR TIPO DE CEMENTO | H3: PLAN | I3: REAL | J3: %
D4: =D25 -> 5008.499 | F4: LUNES | G4: 45796 | H4: 6179 | I4: 6031.438 | J4: =+I4/H4 -> 0.97611879
B5: CEMENTO FRONTERA IP x 42.5 KG | C5: 11719 | D5: 500.266 | E5: =+D5/$D$4 -> 0.099883418 | F5: MARTES | G5: 45797 | H5: 8374 | I5: 8456.916 | J5: =+I5/H5 -> 1.0099016
B6: CEMENTO HS+R X 42.5 KG RUMI | C6: 7945 | D6: 339.12 | E6: =+D6/$D$4 -> 0.067708908 | F6: MIÉRCOLES | G6: 45798 | H6: 7620 | I6: 7665.696 | J6: =+I6/H6 -> 1.0059969
B7: CEMENTO PORTLAND TIPO I X 42.5 KG YURA | C7: 8541 | D7: 363.89 | E7: =+D7/$D$4 -> 0.072654502 | F7: JUEVES | G7: 45799 | H7: 7440 | I7: 7779.232 | J7: =+I7/H7 -> 1.0455957
B8: CEMENTO YURA ANTISALITRE (MS) X 42.5 KG | C8: 23403 | D8: 998.284 | E8: =+D8/$D$4 -> 0.199318 | F8: VIERNES | G8: 45800 | H8: 7740 | I8: 8520.68 | J8: =+I8/H8 -> 1.100863
B9: CEMENTO YURA MAX (HS) X 42.5KG | C9: 18556 | D9: 791.914 | E9: =+D9/$D$4 -> 0.15811404 | F9: SÁBADO | G9: 45801 | H9: 6194 | I9: 6660.5 | J9: =+I9/H9 -> 1.0753148
B10: CEMENTO YURA PRO (HE) 42.5KG | C10: 6908 | D10: 294.56 | E10: =+D10/$D$4 -> 0.058812031 | F10: DOMINGO | G10: 45802 | H10: 4327 | I10: 5008.499 | J10: =+I10/H10 -> 1.1574992
B11: CEM. FRONTERA GU X 42.5 KG | C11: 2410 | D11: 102.88 | E11: =+D11/$D$4 -> 0.020541084 | H11: =+SUM(H4:H10) -> 47874 | I11: =+SUM(I4:I10) -> 50122.961 | J11: =+I11/H11 -> 1.0469767
B12: CEM.PORTL.IP(GRADO CORRIENTE)X25KG CHILE | E12: =+D12/$D$4 -> 0
B13: CEM ALT REST IN HE BB1.5TM YURA ENV CHIL | C13: 23 | D13: 34.57 | E13: =+D13/$D$4 -> 0.0069022675
B14: CEM. PORT. PUZ. IP BBx1.5TM INC.ENV YURA | C14: 66 | D14: 99.25 | E14: =+D14/$D$4 -> 0.019816316
B15: CEM.YURA ANTISALITRE MS BBx1.5TM INC.ENV | C15: 31 | D15: 46.545 | E15: =+D15/$D$4 -> 0.0092932034
B16: CEMENTO YURA MAX BBx1.5TM INC.ENV | C16: 97 | D16: 145.95 | E16: =+D16/$D$4 -> 0.029140467
B17: CEMENTO YURA PRO (HE) BBx1.5TM INC.ENV | C17: 194 | D17: 292.18 | E17: =+D17/$D$4 -> 0.058336839
B18: FILLER INDUSTRIAL BB1.5TM | C18: 181 | D18: 272.04 | E18: =+D18/$D$4 -> 0.054315674
B19: CEM. PORT. PUZ. IP BBx1.5TM INC.ENV YURA | E19: =+D19/$D$4 -> 0
B20: CEMENTO BLANCO A GRANEL EN BBx1.5 YURA | E20: =+D20/$D$4 -> 0
B21: FILLER INDUSTRIAL BB1.5TM | E21: =+D21/$D$4 -> 0
B22: CEMENTO YURA IP A GRANEL EN BOMBONA | D22: 277.65 | E22: =+D22/$D$4 -> 0.05543577
B23: CEMENTO YURA MAX GRANEL BOMBONA | D23: 89.14 | E23: =+D23/$D$4 -> 0.017797747
B24: CEMENTO YURA PRO (HE) GRANEL EN BOMBONA | D24: 360.26 | E24: =+D24/$D$4 -> 0.071929734
B25: DESPACHO T.M. DEL DIA | D25: =SUM(D5:D24) -> 5008.499
B26: ACUMULADO MES | D26: 167678.05 | E26: =+D26/E2 -> 0.80774443
D27: =+(E2/31)*25 -> 167409.68 | E27: =+D27/E2 -> 0.80645161
D28: =+D26-D27 -> 268.37258 | E28: =E26-E27 -> 0.0012928136
B30: TEMPORALES
B31: TEMPORAL 1 | C31: 693 | F31: TM
B32: TEMPORAL 2 | C32: 904 | D32: CB 25 Kg. | E32: 15906 | F32: 397.65
B33: MISTI | C33: 1814 | D33: CB BIGBAG x 1.5TM | E33: 162 | F33: 243
C34: =+SUM(C31:C33) -> 3411 | D34: filler | E34: 171 | F34: 256.5
B36: CARROS
B37: PLAYA | C37: LLAMADO | D37: PROCESO DE C | E37: TOTAL
B38: 11 | C38: 2 | D38: 7 | E38: =+SUM(B38:D38) -> 20
E39: RENDIMIENTO
F40: Operativos | G40: Módulos
A41: H1
A42: H2 | B42: 7.91 | C42: 2171 | D42: 3600 | E42: =+C42/D42 -> 0.60305556 | F42: 11 | G42: 12 | H42: Modulo 12
A43: H3 | B43: 9.96 | C43: 2352 | D43: 3600 | E43: =+C43/D43 -> 0.65333333
A44: H4 | B44: 8.69 | C44: 2577 | D44: 3900 | E44: =+C44/D44 -> 0.66076923
A45: H5 | B45: 13.47 | C45: 2865 | D45: 3900 | E45: =+C45/D45 -> 0.73461538 | F45: 11
A46: V | B46: EN PROCESO DE RETIRO DE TOLVIN
C47: COMPUERTA | D47: HR
B48: SILO 8 | C48: 4 | D48: 0
C49: 6 | D49: 13
B51: MOTACA

Sheet 26
B1: 45803 | E1: ME MAYO
E2: 207588
B3: DESPACHO DEL DÍA POR TIPO DE CEMENTO | H3: PLAN | I3: REAL | J3: %
D4: =D25 -> 6767.674 | F4: LUNES | G4: 45803 | H4: 6960 | I4: 6767.674 | J4: =+I4/H4 -> 0.97236695
B5: CEM. FRONTERA GU X 42.5 KG | C5: 4774 | D5: 203.752 | E5: =+D5/$D$4 -> 0.030106651 | F5: MARTES | G5: 45804 | H5: 8203 | J5: =+I5/H5 -> 0
B6: CEMENTO FRONTERA IP x 42.5 KG | C6: 8364 | D6: 356.82 | E6: =+D6/$D$4 -> 0.052724171 | F6: MIÉRCOLES | G6: 45805 | H6: 8366 | J6: =+I6/H6 -> 0
B7: CEMENTO HS+R X 42.5 KG RUMI | C7: 16082 | D7: 685.88 | E7: =+D7/$D$4 -> 0.10134649 | F7: JUEVES | G7: 45806 | H7: 9206 | J7: =+I7/H7 -> 0
B8: CEMENTO PORTLAND TIPO I X 42.5 KG YURA | C8: 1490 | D8: 63.57 | E8: =+D8/$D$4 -> 0.0093931829 | F8: VIERNES | G8: 45807 | H8: 8287 | J8: =+I8/H8 -> 0
B9: CEMENTO YURA ANTISALITRE (MS) X 42.5 KG | C9: 25524 | D9: 1089.576 | E9: =+D9/$D$4 -> 0.16099712 | F9: SÁBADO | G9: 45808 | H9: 7078 | J9: =+I9/H9 -> 0
B10: CEMENTO YURA MAX (HS) X 42.5KG | C10: 47934 | D10: 2045.209 | E10: =+D10/$D$4 -> 0.30220265 | F10: DOMINGO | G10: 45809 | H10: 4155 | J10: =+I10/H10 -> 0
B11: CEMENTO YURA PRO (HE) 42.5KG | C11: 14165 | D11: 605.062 | E11: =+D11/$D$4 -> 0.08940472 | H11: =+SUM(H4:H10) -> 52255 | I11: =+SUM(I4:I10) -> 6767.674 | J11: =+I11/H11 -> 0.12951247
B12: CEMENTO BLANCO X 25 KG YURA NACIONAL | C12: 1 | D12: 0.025 | E12: =+D12/$D$4 -> 3.6940314e-06
B13: CEM ALT REST IN HE BB1.5TM YURA ENV CHIL | C13: 21 | D13: 31.59 | E13: =+D13/$D$4 -> 0.004667778
B14: CEM. PORT. I BBx1.5TM INC.ENV YURA | C14: 44 | D14: 66.2 | E14: =+D14/$D$4 -> 0.009781795
B15: CEM. PORT. PUZ. IP BBx1.5TM INC.ENV YURA | C15: 22 | D15: 33.16 | E15: =+D15/$D$4 -> 0.0048997632
B16: CEMENTO YURA MAX BBx1.5TM INC.ENV | C16: 211 | D16: 317.36 | E16: =+D16/$D$4 -> 0.046893512
B17: CEMENTO YURA PRO (HE) BBx1.5TM INC.ENV | C17: 278 | D17: 418.58 | E17: =+D17/$D$4 -> 0.061849906
B18: FILLER INDUSTRIAL BB1.5TM | C18: 43 | D18: 64.54 | E18: =+D18/$D$4 -> 0.0095365114
B19: CEM. PORT. PUZ. IP BBx1.5TM INC.ENV YURA | E19: =+D19/$D$4 -> 0
B20: CEMENTO BLANCO A GRANEL EN BBx1.5 YURA | E20: =+D20/$D$4 -> 0
B21: FILLER INDUSTRIAL BB1.5TM | E21: =+D21/$D$4 -> 0
B22: CEMENTO YURA IP A GRANEL EN BOMBONA | D22: 181.15 | E22: =+D22/$D$4 -> 0.026766951
B23: CEMENTO YURA MAX GRANEL BOMBONA | D23: 62.44 | E23: =+D23/$D$4 -> 0.0092262127
B24: CEMENTO YURA PRO (HE) GRANEL EN BOMBONA | D24: 542.76 | E24: =+D24/$D$4 -> 0.080198898
B25: DESPACHO T.M. DEL DIA | D25: =SUM(D5:D24) -> 6767.674
B26: ACUMULADO MES | D26: 174445.72 | E26: =+D26/E2 -> 0.8403459
D27: =+(E2/31)*26 -> 174106.06 | E27: =+D27/E2 -> 0.83870968
D28: =+D26-D27 -> 339.65948 | E28: =E26-E27 -> 0.0016362193
B30: TEMPORALES
B31: TEMPORAL 1 | C31: 874 | F31: TM
B32: TEMPORAL 2 | C32: 1212 | D32: CB 25 Kg. | E32: 15906 | F32: 397.65
B33: MISTI | C33: 1275 | D33: CB BIGBAG x 1.5TM | E33: 162 | F33: 243
C34: =+SUM(C31:C33) -> 3361 | D34: filler | E34: 152 | F34: 228
D35: CEM MICROFISURAS | E35: 31 | F35: 46.5
B36: CARROS
B37: PLAYA | C37: LLAMADO | D37: PROCESO DE C | E37: TOTAL
B38: 21 | C38: 1 | D38: 31 | E38: =+SUM(B38:D38) -> 53
E39: RENDIMIENTO
F40: Operativos | G40: Módulos
A41: H1
A42: H2 | B42: 8.39 | C42: 2184 | D42: 3600 | E42: =+C42/D42 -> 0.60666667 | F42: 11 | G42: 12 | H42: Modulo 12
A43: H3 | B43: 8.35 | C43: 2712 | D43: 3600 | E43: =+C43/D43 -> 0.75333333
A44: H4 | B44: 16.11 | C44: 2800 | D44: 3900 | E44: =+C44/D44 -> 0.71794872
A45: H5 | B45: 17.3 | C45: 2601 | D45: 3900 | E45: =+C45/D45 -> 0.66692308 | F45: 11
A46: V | B46: EN PROCESO DE RETIRO DE TOLVIN
C47: COMPUERTA | D47: HR
B48: SILO 8 | C48: 4 | D48: 1
C49: 6 | D49: 17

Sheet 27
B1: 45804 | E1: ME MAYO
E2: 207588
B3: DESPACHO DEL DÍA POR TIPO DE CEMENTO | H3: PLAN | I3: REAL | J3: %
D4: =D25 -> 7584.16 | F4: LUNES | G4: 45803 | H4: 6960 | I4: 6767.674 | J4: =+I4/H4 -> 0.97236695
B5: CEM. FRONTERA GU X 42.5 KG | C5: 4755 | D5: 202.942 | E5: =+D5/$D$4 -> 0.026758665 | F5: MARTES | G5: 45804 | H5: 8203 | I5: 7584.16 | J5: =+I5/H5 -> 0.92455931
B6: CEMENTO FRONTERA IP x 42.5 KG | C6: 11070 | D6: 472.075 | E6: =+D6/$D$4 -> 0.062244863 | F6: MIÉRCOLES | G6: 45805 | H6: 8366 | J6: =+I6/H6 -> 0
B7: CEMENTO HS+R X 42.5 KG RUMI | C7: 14534 | D7: 619.35 | E7: =+D7/$D$4 -> 0.081663625 | F7: JUEVES | G7: 45806 | H7: 9206 | J7: =+I7/H7 -> 0
B8: CEMENTO PORTLAND TIPO I X 42.5 KG YURA | C8: 1545 | D8: 65.89 | E8: =+D8/$D$4 -> 0.0086878441 | F8: VIERNES | G8: 45807 | H8: 8287 | J8: =+I8/H8 -> 0
B9: CEMENTO YURA ANTISALITRE (MS) X 42.5 KG | C9: 35588 | D9: 1518.568 | E9: =+D9/$D$4 -> 0.2002289 | F9: SÁBADO | G9: 45808 | H9: 7078 | J9: =+I9/H9 -> 0
B10: CEMENTO YURA MAX (HS) X 42.5KG | C10: 47462 | D10: 2024.906 | E10: =+D10/$D$4 -> 0.26699147 | F10: DOMINGO | G10: 45809 | H10: 4155 | J10: =+I10/H10 -> 0
B11: CEMENTO YURA PRO (HE) 42.5KG | C11: 11309 | D11: 482.759 | E11: =+D11/$D$4 -> 0.063653589 | H11: =+SUM(H4:H5) -> 15163 | I11: =+SUM(I4:I10) -> 14351.834 | J11: =+I11/H11 -> 0.94650359
B12: CEMENTO BLANCO X 25 KG YURA NACIONAL | E12: =+D12/$D$4 -> 0
B13: CEM. PORT. PUZ. IP BBx1.5TM INC.ENV YURA | C13: 83 | D13: 124.84 | E13: =+D13/$D$4 -> 0.016460623
B14: CEM.ANTISALITRE HS BBx1.5TM INC.ENV YURA | C14: 20 | D14: 30.13 | E14: =+D14/$D$4 -> 0.0039727537
B15: CEM.YURA ANTISALITRE MS BBx1.5TM INC.ENV | C15: 24 | D15: 36.06 | E15: =+D15/$D$4 -> 0.0047546465
B16: CEMENTO YURA MAX BBx1.5TM INC.ENV | C16: 150 | D16: 225.73 | E16: =+D16/$D$4 -> 0.029763349
B17: CEMENTO YURA PRO (HE) BBx1.5TM INC.ENV | C17: 634 | D17: 954.09 | E17: =+D17/$D$4 -> 0.12580035
B18: FILLER INDUSTRIAL BB1.5TM | C18: 44 | D18: 66.19 | E18: =+D18/$D$4 -> 0.0087274003
B19: CEM. PORT. PUZ. IP BBx1.5TM INC.ENV YURA | E19: =+D19/$D$4 -> 0
B20: CEMENTO BLANCO A GRANEL EN BBx1.5 YURA | E20: =+D20/$D$4 -> 0
B21: FILLER INDUSTRIAL BB1.5TM | E21: =+D21/$D$4 -> 0
B22: CEMENTO YURA IP A GRANEL EN BOMBONA | D22: 210.9 | E22: =+D22/$D$4 -> 0.027807958
B23: CEMENTO YURA MAX GRANEL BOMBONA | D23: 89.12 | E23: =+D23/$D$4 -> 0.011750807
B24: CEMENTO YURA PRO (HE) GRANEL EN BOMBONA | D24: 460.61 | E24: =+D24/$D$4 -> 0.06073316
B25: DESPACHO T.M. DEL DIA | D25: =SUM(D5:D24) -> 7584.16
B26: ACUMULADO MES | D26: 182388.46 | E26: =+D26/E2 -> 0.87860793
D27: =+(E2/31)*27 -> 180802.45 | E27: =+D27/E2 -> 0.87096774
D28: =+D26-D27 -> 1586.0104 | E28: =E26-E27 -> 0.0076401834
B30: TEMPORALES
B31: TEMPORAL 1 | C31: 565 | F31: TM
B32: TEMPORAL 2 | C32: 1169 | D32: CB 25 Kg. | E32: 15906 | F32: 397.65
B33: MISTI | C33: 433 | D33: CB BIGBAG x 1.5TM | E33: 162 | F33: 243
C34: =+SUM(C31:C33) -> 2167 | D34: filler | E34: 152 | F34: 228
D35: CEM MICROFISURAS | E35: 31 | F35: 46.5
B36: CARROS
B37: PLAYA | C37: LLAMADO | D37: PROCESO DE C | E37: TOTAL
B38: 30 | C38: 0 | D38: 15 | E38: =+SUM(B38:D38) -> 45
E39: RENDIMIENTO
F40: Operativos | G40: Falla
A41: H1
A42: H2 | B42: 6.68 | C42: 2264 | D42: 3600 | E42: =+C42/D42 -> 0.62888889 | F42: 12
A43: H3 | B43: 10.55 | C43: 2889 | D43: 3600 | E43: =+C43/D43 -> 0.8025 | F43: 12
A44: H4 | B44: 15.73 | C44: 2847 | D44: 3900 | E44: =+C44/D44 -> 0.73 | F44: 11 | G44: 1
A45: H5 | B45: 16.01 | C45: 2619 | D45: 3900 | E45: =+C45/D45 -> 0.67153846 | F45: 11 | G45: 6
A46: V | B46: EN PROCESO DE RETIRO DE TOLVIN
C47: COMPUERTA | D47: HR
B48: SILO 8 | C48: 4 | D48: 3
C49: 5 | D49: 3
C50: 6 | D50: 15
B61: 10 SON HASTA LA 10 | C61: =10*30 -> 300 | D61: TM

Sheet 28
B1: 45805 | E1: ME MAYO
E2: 207588
B3: DESPACHO DEL DÍA POR TIPO DE CEMENTO | H3: PLAN | I3: REAL | J3: %
D4: =D22 -> 8183.152 | F4: LUNES | G4: 45803 | H4: 6960 | I4: 6767.674 | J4: =+I4/H4 -> 0.97236695
B5: CEM. FRONTERA GU X 42.5 KG | C5: 6320 | D5: 270.004 | E5: =+D5/$D$4 -> 0.03299511 | F5: MARTES | G5: 45804 | H5: 8203 | I5: 7584.16 | J5: =+I5/H5 -> 0.92455931
B6: CEMENTO FRONTERA IP x 42.5 KG | C6: 19830 | D6: 845.58 | E6: =+D6/$D$4 -> 0.10333182 | F6: MIÉRCOLES | G6: 45805 | H6: 8366 | I6: 8183.152 | J6: =+I6/H6 -> 0.97814392
B7: CEMENTO HS+R X 42.5 KG RUMI | C7: 14533 | D7: 619.856 | E7: =+D7/$D$4 -> 0.075747829 | F7: JUEVES | G7: 45806 | H7: 9206 | J7: =+I7/H7 -> 0
B8: CEMENTO PORTLAND TIPO I X 42.5 KG YURA | C8: 2990 | D8: 127.52 | E8: =+D8/$D$4 -> 0.015583237 | F8: VIERNES | G8: 45807 | H8: 8287 | J8: =+I8/H8 -> 0
B9: CEMENTO YURA ANTISALITRE (MS) X 42.5 KG | C9: 36927 | D9: 1575.046 | E9: =+D9/$D$4 -> 0.19247424 | F9: SÁBADO | G9: 45808 | H9: 7078 | J9: =+I9/H9 -> 0
B10: CEMENTO YURA MAX (HS) X 42.5KG | C10: 51791 | D10: 2210.304 | E10: =+D10/$D$4 -> 0.27010423 | F10: DOMINGO | G10: 45809 | H10: 4155 | J10: =+I10/H10 -> 0
B11: CEMENTO YURA PRO (HE) 42.5KG | C11: 14170 | D11: 604.471 | E11: =+D11/$D$4 -> 0.073867747 | H11: =+SUM(H4:H6) -> 23529 | I11: =+SUM(I4:I10) -> 22534.986 | J11: =+I11/H11 -> 0.95775367
B12: CEMENTO BLANCO X 25 KG YURA NACIONAL | C12: 1202 | D12: 30.29 | E12: =+D12/$D$4 -> 0.0037015077
B13: CEM. PORT. I BBx1.5TM INC.ENV YURA | C13: 22 | D13: 33.11 | E13: =+D13/$D$4 -> 0.0040461182
B14: CEMENTO YURA PRO (HE) BBx1.5TM INC.ENV | C14: 436 | D14: 656.17 | E14: =+D14/$D$4 -> 0.080185484
B15: CEM. PORT. PUZ. IP BBx1.5TM INC.ENV YURA | C15: 21 | D15: 31.55 | E15: =+D15/$D$4 -> 0.0038554826
B16: CEM.ANTISALITRE HS BBx1.5TM INC.ENV YURA | C16: 100 | D16: 150.47 | E16: =+D16/$D$4 -> 0.01838778
B17: CEMENTO YURA MAX BBx1.5TM INC.ENV | C17: 229 | D17: 344.75 | E17: =+D17/$D$4 -> 0.042129243
B18: CEMENTO PARA MICROFISURAS BIGBAG X1.5 TM | C18: 10 | D18: 15.081 | E18: =+D18/$D$4 -> 0.0018429329
B19: CEMENTO YURA PRO (HE) GRANEL EN BOMBONA | D19: 457.27 | E19: =+D19/$D$4 -> 0.055879446
B20: CEMENTO YURA IP A GRANEL EN BOMBONA | D20: 151.95 | E20: =+D20/$D$4 -> 0.01856864
B21: CEMENTO YURA MAX GRANEL BOMBONA | D21: 59.73 | E21: =+D21/$D$4 -> 0.0072991434
B22: DESPACHO T.M. DEL DIA | D22: =SUM(D5:D21) -> 8183.152
B23: ACUMULADO MES | D23: 191494.1 | E23: =+D23/$E$2 -> 0.92247192
D24: =+(E2/31)*28 -> 187498.84 | E24: =+D24/E2 -> 0.90322581
D25: =+D23-D24 -> 3995.2613 | E25: =+E23-E24 -> 0.019246109
B27: TEMPORALES
B28: TEMPORAL 1 | C28: 435 | F28: TM
B29: TEMPORAL 2 | C29: 1074 | D29: CB 25 Kg. | E29: 14668 | F29: 366.7
B30: MISTI | C30: 773 | D30: CB BIGBAG x 1.5TM | E30: 167 | F30: 250.5
C31: =+SUM(C28:C30) -> 2282 | D31: filler | E31: 108 | F31: 162
D32: CEM MICROFISURAS | E32: 20 | F32: 30
B33: CARROS
B34: PLAYA | C34: LLAMADO | D34: PROCESO DE C | E34: TOTAL
B35: 7 | C35: 3 | D35: 20 | E35: =+SUM(B35:D35) -> 30
E36: RENDIMIENTO
F37: Operativos | G37: Falla
A38: H1
A39: H2 | B39: 9.52 | C39: 2283 | D39: 3600 | E39: =+C39/D39 -> 0.63416667 | F39: 12
A40: H3 | B40: 7.47 | C40: 3174 | D40: 3600 | E40: =+C40/D40 -> 0.88166667 | F40: 12
A41: H4 | B41: 15.9 | C41: 2957 | D41: 3900 | E41: =+C41/D41 -> 0.75820513 | F41: 11 | G41: 1
A42: H5 | B42: 17.02 | C42: 5.14 | D42: 3900 | E42: =+C42/D42 -> 0.0013179487 | F42: 11 | G42: 6
A43: V | B43: EN PROCESO DE RETIRO DE TOLVIN
C44: COMPUERTA | D44: HR
B45: SILO 8 | C45: 4
C46: 5 | D46: 4
C47: 6 | D47: 15

Sheet 29
B1: 45806 | E1: ME MAYO
E2: 207588
B3: DESPACHO DEL DÍA POR TIPO DE CEMENTO | H3: PLAN | I3: REAL | J3: %
D4: =D21 -> 7689.895 | F4: LUNES | G4: 45803 | H4: 6960 | I4: 6767.674 | J4: =+I4/H4 -> 0.97236695
B5: CEM. FRONTERA GU X 42.5 KG | C5: 3840 | D5: 163.874 | E5: =+D5/$D$4 -> 0.021310304 | F5: MARTES | G5: 45804 | H5: 8203 | I5: 7584.16 | J5: =+I5/H5 -> 0.92455931
B6: CEMENTO FRONTERA IP x 42.5 KG | C6: 12493 | D6: 533.112 | E6: =+D6/$D$4 -> 0.069326304 | F6: MIÉRCOLES | G6: 45805 | H6: 8366 | I6: 8183.152 | J6: =+I6/H6 -> 0.97814392
B7: CEMENTO HS+R X 42.5 KG RUMI | C7: 24477 | D7: 1043.11 | E7: =+D7/$D$4 -> 0.13564685 | F7: JUEVES | G7: 45806 | H7: 9206 | I7: 7689.895 | J7: =+I7/H7 -> 0.83531338
B8: CEMENTO PORTLAND TIPO I X 42.5 KG YURA | C8: 2470 | D8: 105.11 | E8: =+D8/$D$4 -> 0.013668587 | F8: VIERNES | G8: 45807 | H8: 8287 | J8: =+I8/H8 -> 0
B9: CEMENTO YURA ANTISALITRE (MS) X 42.5 KG | C9: 33460 | D9: 1427.556 | E9: =+D9/$D$4 -> 0.18564051 | F9: SÁBADO | G9: 45808 | H9: 7078 | J9: =+I9/H9 -> 0
B10: CEMENTO YURA MAX (HS) X 42.5KG | C10: 46452 | D10: 1982.677 | E10: =+D10/$D$4 -> 0.25782888 | F10: DOMINGO | G10: 45809 | H10: 4155 | J10: =+I10/H10 -> 0
B11: CEMENTO YURA PRO (HE) 42.5KG | C11: 8500 | D11: 362.932 | E11: =+D11/$D$4 -> 0.047195963 | H11: =+SUM(H4:H7) -> 32735 | I11: =+SUM(I4:I10) -> 30224.881 | J11: =+I11/H11 -> 0.92332002
B12: CEMENTO BLANCO X 25 KG YURA NACIONAL | C12: 1200 | D12: 30.204 | E12: =+D12/$D$4 -> 0.0039277519
B13: CEM. PORT. I BBx1.5TM INC.ENV YURA | C13: 22 | D13: 33.04 | E13: =+D13/$D$4 -> 0.0042965476
B14: CEMENTO YURA PRO (HE) BBx1.5TM INC.ENV | C14: 582 | D14: 875.55 | E14: =+D14/$D$4 -> 0.11385721
B15: CEM ALT REST IN HE BB1.5TM YURA ENV CHIL | C15: 88 | D15: 132.24 | E15: =+D15/$D$4 -> 0.017196594
B16: CEM. PORT. PUZ. IP BBx1.5TM INC.ENV YURA | C16: 20 | D16: 30.14 | E16: =+D16/$D$4 -> 0.0039194293
B17: CEMENTO YURA MAX BBx1.5TM INC.ENV | C17: 184 | D17: 277 | E17: =+D17/$D$4 -> 0.036021298
B18: CEMENTO YURA PRO (HE) GRANEL EN BOMBONA | D18: 422.95 | E18: =+D18/$D$4 -> 0.055000751
B19: CEMENTO YURA IP A GRANEL EN BOMBONA | D19: 211.01 | E19: =+D19/$D$4 -> 0.027439907
B20: CEMENTO YURA MAX GRANEL BOMBONA | D20: 59.39 | E20: =+D20/$D$4 -> 0.0077231224
B21: DESPACHO T.M. DEL DIA | D21: =SUM(D5:D20) -> 7689.895 | E21: =+D21/$D$4 -> 1
B22: ACUMULADO MES | D22: 199183.99 | E22: =+D22/$E$2 -> 0.95951594
D23: =+(E2/31)*29 -> 194195.23 | E23: =+D23/E2 -> 0.93548387
D24: =+D22-D23 -> 4988.7692 | E24: =+E22-E23 -> 0.024032069
B26: TEMPORALES
B27: TEMPORAL 1 | C27: 1093 | F27: TM
B28: TEMPORAL 2 | C28: 1070 | D28: CB 25 Kg. | E28: 13468 | F28: 336.7
B29: MISTI | C29: 834 | D29: CB BIGBAG x 1.5TM | E29: 167 | F29: 250.5
C30: =+SUM(C27:C29) -> 2997 | D30: filler | E30: 108 | F30: 162
D31: CEM MICROFISURAS | E31: 20 | F31: 30
B32: CARROS
B33: PLAYA | C33: LLAMADO | D33: PROCESO DE C | E33: TOTAL
B34: 23 | C34: 2 | D34: 13 | E34: =+SUM(B34:D34) -> 38
E35: RENDIMIENTO
F36: Operativos | G36: Falla
A37: H1
A38: H2 | B38: 9.27 | C38: 1989 | D38: 3600 | E38: =+C38/D38 -> 0.5525 | F38: 12
A39: H3 | B39: 10.76 | C39: 2909 | D39: 3600 | E39: =+C39/D39 -> 0.80805556 | F39: 12
A40: H4 | B40: 15.34 | C40: 2943 | D40: 3900 | E40: =+C40/D40 -> 0.75461538 | F40: 11 | G40: 1
A41: H5 | B41: 16.84 | C41: 2680 | D41: 3900 | E41: =+C41/D41 -> 0.68717949 | F41: 11 | G41: 6
A42: V | B42: EN PROCESO DE RETIRO DE TOLVIN
C43: COMPUERTA | D43: HR
B44: SILO 8 | C44: 4
C45: 5 | D45: 6
C46: 6 | D46: 12

Sheet 01.06
B1: 45809 | E1: ME JUNIO
E2: 204590
B3: DESPACHO DEL DÍA POR TIPO DE CEMENTO | H3: PLAN | I3: REAL | J3: %
D4: =D25 -> 5160.689 | F4: LUNES | G4: 45803 | H4: 6960 | I4: 6767.674 | J4: =+I4/H4 -> 0.97236695
B5: CEM. FRONTERA GU X 42.5 KG | E5: =+D5/$D$4 -> 0 | F5: MARTES | G5: 45804 | H5: 8203 | I5: 7584.16 | J5: =+I5/H5 -> 0.92455931
B6: CEMENTO FRONTERA IP x 42.5 KG | C6: 6830 | D6: 291.79 | E6: =+D6/$D$4 -> 0.0565409 | F6: MIÉRCOLES | G6: 45805 | H6: 8366 | I6: 8183.152 | J6: =+I6/H6 -> 0.97814392
B7: CEMENTO HS+R X 42.5 KG RUMI | C7: 20199 | D7: 862.49 | E7: =+D7/$D$4 -> 0.16712691 | F7: JUEVES | G7: 45806 | H7: 9206 | I7: 7689.895 | J7: =+I7/H7 -> 0.83531338
B8: CEMENTO PORTLAND TIPO I X 42.5 KG YURA | C8: 1885 | D8: 80.346 | E8: =+D8/$D$4 -> 0.015568851 | F8: VIERNES | G8: 45807 | H8: 8287 | I8: 7006.09 | J8: =+I8/H8 -> 0.8454314
B9: CEMENTO YURA ANTISALITRE (MS) X 42.5 KG | C9: 12149 | D9: 518.444 | E9: =+D9/$D$4 -> 0.10046023 | F9: SÁBADO | G9: 45808 | H9: 7078 | I9: 6039.93 | J9: =+I9/H9 -> 0.85333851
B10: CEMENTO YURA MAX (HS) X 42.5KG | C10: 34819 | D10: 1487.073 | E10: =+D10/$D$4 -> 0.28815397 | F10: DOMINGO | G10: 45809 | H10: 4155 | I10: 5160.689 | J10: =+I10/H10 -> 1.2420431
B11: CEMENTO YURA PRO (HE) 42.5KG | C11: 8555 | D11: 364.874 | E11: =+D11/$D$4 -> 0.070702575 | H11: =+SUM(H4:H10) -> 52255 | I11: =+SUM(I4:I10) -> 48431.59 | J11: =+I11/H11 -> 0.92683169
B12: CEM.PORTL.IP(GRADO CORRIENTE)X25KG CHILE | C12: 13743 | D12: 348.376 | E12: =+D12/$D$4 -> 0.067505715
B13: CEMENTO PARA ACABADOS TIPO MH 25KG YURA | C13: 1224 | D13: 30.906 | E13: =+D13/$D$4 -> 0.0059887352
B14: CEM. PORT. I BBx1.5TM INC.ENV YURA | C14: 20 | D14: 30.21 | E14: =+D14/$D$4 -> 0.0058538695 | F14: MAYO
B15: CEMENTO YURA PRO (HE) BBx1.5TM INC.ENV | C15: 130 | D15: 196 | E15: =+D15/$D$4 -> 0.037979425 | F15: REAL | G15: 212393.17 | H15: TM
B16: CEM ALT REST IN HE BB1.5TM YURA ENV CHIL | E16: =+D16/$D$4 -> 0 | F16: ME | G16: 207588 | H16: TM
B17: CEM.ANTISALITRE HS BBx1.5TM INC.ENV YURA | C17: 40 | D17: 60.32 | E17: =+D17/$D$4 -> 0.011688362 | G17: =+G15/G16 -> 1.0231476
B18: CEM. PORT. PUZ. IP BBx1.5TM INC.ENV YURA | C18: 44 | D18: 66.2 | E18: =+D18/$D$4 -> 0.012827745 | G18: =+G15-G16 -> 4805.173 | H18: TM
B19: CEMENTO YURA MAX BBx1.5TM INC.ENV | C19: 121 | D19: 182.38 | E19: =+D19/$D$4 -> 0.035340242
B20: CEM.YURA ANTISALITRE MS BBx1.5TM INC.ENV | E20: =+D20/$D$4 -> 0
B21: FILLER INDUSTRIAL BB1.5TM | C21: 244 | D21: 367.83 | E21: =+D21/$D$4 -> 0.071275367
B22: CEMENTO YURA PRO (HE) GRANEL EN BOMBONA | D22: 181.52 | E22: =+D22/$D$4 -> 0.035173598
B23: CEMENTO YURA IP A GRANEL EN BOMBONA | D23: 91.93 | E23: =+D23/$D$4 -> 0.017813513
B24: CEMENTO YURA MAX GRANEL BOMBONA | E24: =+D24/$D$4 -> 0
B25: DESPACHO T.M. DEL DIA | D25: =SUM(D5:D24) -> 5160.689
B26: ACUMULADO MES | D26: 5160.689 | E26: =+D26/E2 -> 0.025224542
D27: =+(E2/30)*1 -> 6819.6667 | E27: =+D27/E2 -> 0.033333333
D28: =+D26-D27 -> -1658.9777 | E28: =+E26-E27 -> -0.0081087916
B30: TEMPORALES | D30: Capacidad ™ | E30: % | I30: TM
B31: TEMPORAL 1 | C31: 1548 | D31: 2142 | E31: =+C31/D31 -> 0.72268908 | G31: CB 25 Kg. | H31: 14233 | I31: 355.825
B32: TEMPORAL 2 | C32: 1727 | D32: 1890 | E32: =+C32/D32 -> 0.91375661 | G32: CB 25 Kg. PINGÜINO | H32: 1086 | I32: 27.15
B33: MISTI | C33: 1105 | D33: 3006 | E33: =+C33/D33 -> 0.36759814 | G33: CB BIGBAG x 1.5TM | H33: 205 | I33: 307.5
C34: =+SUM(C31:C33) -> 4380 | D34: =+SUM(D31:D33) -> 7038 | G34: filler | H34: 30 | I34: 45
G35: CEM MICROFISURAS | H35: 20 | I35: 34.5
B36: CARROS
B37: PLAYA | C37: LLAMADO | D37: PROCESO DE C | E37: TOTAL
B38: 5 | C38: 0 | D38: 1 | E38: =+SUM(B38:D38) -> 6
E39: RENDIMIENTO
F40: Operativos | G40: Falla
A41: H1 | B41: 0.7 | C41: 2243 | D41: 2400 | E41: =+C41/D41 -> 0.93458333 | F41: 7
A42: H2 | B42: 3.59 | C42: 2062 | D42: 3600 | E42: =+C42/D42 -> 0.57277778 | F42: 12
A43: H3 | B43: 11.67 | C43: 2802 | D43: 3600 | E43: =+C43/D43 -> 0.77833333 | F43: 12
A44: H4 | B44: 2.17 | C44: 2325 | D44: 3900 | E44: =+C44/D44 -> 0.59615385 | F44: 11 | G44: 1
A45: H5 | B45: 5.88 | C45: 2638 | D45: 3900 | E45: =+C45/D45 -> 0.67641026 | F45: 11 | G45: 6
A46: V | B46: 8.7 | C46: 2065 | D46: 4300 | E46: =+C46/D46 -> 0.48023256
C47: COMPUERTA | D47: HR
B48: SILO 8 | C48: 4
C49: 5 | D49: 2
C50: 6 | D50: 6

Sheet 02.06
B1: =TODAY()-1 -> 46171 | E1: ME JUNIO
E2: 204590
B3: DESPACHO DEL DÍA POR TIPO DE CEMENTO | H3: PLAN | I3: REAL | J3: %
D4: =D25 -> 6545.779 | F4: LUNES | G4: 45810 | H4: 7474 | I4: 6545.779 | J4: =+I4/H4 -> 0.87580666
B5: CEM. FRONTERA GU X 42.5 KG | C5: 1540 | D5: 65.9 | E5: =+D5/$D$4 -> 0.010067557 | F5: MARTES | G5: 45811 | H5: 8291 | J5: =+I5/H5 -> 0
B6: CEMENTO FRONTERA IP x 42.5 KG | C6: 10255 | D6: 438.15 | E6: =+D6/$D$4 -> 0.066936265 | F6: MIÉRCOLES | G6: 45812 | H6: 7668 | J6: =+I6/H6 -> 0
B7: CEMENTO HS+R X 42.5 KG RUMI | C7: 15271 | D7: 651.57 | E7: =+D7/$D$4 -> 0.099540483 | F7: JUEVES | G7: 45813 | H7: 8120 | J7: =+I7/H7 -> 0
B8: CEMENTO PORTLAND TIPO I X 42.5 KG YURA | C8: 1520 | D8: 64.88 | E8: =+D8/$D$4 -> 0.0099117309 | F8: VIERNES | G8: 45814 | H8: 7820 | J8: =+I8/H8 -> 0
B9: CEMENTO YURA ANTISALITRE (MS) X 42.5 KG | C9: 27217 | D9: 1161.255 | E9: =+D9/$D$4 -> 0.17740516 | F9: SÁBADO | G9: 45815 | H9: 6286 | J9: =+I9/H9 -> 0
B10: CEMENTO YURA MAX (HS) X 42.5KG | C10: 35287 | D10: 1507.128 | E10: =+D10/$D$4 -> 0.23024425 | F10: DOMINGO | G10: 45816 | H10: 3782 | J10: =+I10/H10 -> 0
B11: CEMENTO YURA PRO (HE) 42.5KG | C11: 13238 | D11: 564.944 | E11: =+D11/$D$4 -> 0.086306611 | H11: =+SUM(H4:H10) -> 49441 | I11: =+SUM(I4:I10) -> 6545.779 | J11: =+I11/H11 -> 0.13239576
B12: CEM.PORTL.IP(GRADO CORRIENTE)X25KG CHILE | C12: 5426 | D12: 137.074 | E12: =+D12/$D$4 -> 0.020940823
B13: CEMENTO BLANCO X 25 KG YURA NACIONAL | C13: 250 | D13: 6.298 | E13: =+D13/$D$4 -> 0.00096214675
B14: CEM. PORT. I BBx1.5TM INC.ENV YURA | C14: 44 | D14: 66.56 | E14: =+D14/$D$4 -> 0.010168385 | F14: MAYO
B15: CEMENTO YURA PRO (HE) BBx1.5TM INC.ENV | C15: 417 | D15: 628.96 | E15: =+D15/$D$4 -> 0.096086348 | F15: REAL | G15: 212393.17 | H15: TM
B16: CEM ALT REST IN HE BB1.5TM YURA ENV CHIL | C16: 224 | D16: 338.09 | E16: =+D16/$D$4 -> 0.051650079 | F16: ME | G16: 207588 | H16: TM
B17: CEM.ANTISALITRE HS BBx1.5TM INC.ENV YURA | E17: =+D17/$D$4 -> 0 | G17: =+G15/G16 -> 1.0231476
B18: CEM. PORT. PUZ. IP BBx1.5TM INC.ENV YURA | C18: 21 | D18: 31.56 | E18: =+D18/$D$4 -> 0.0048214277 | G18: =+G15-G16 -> 4805.173 | H18: TM
B19: CEMENTO YURA MAX BBx1.5TM INC.ENV | C19: 146 | D19: 219.44 | E19: =+D19/$D$4 -> 0.033523894 | H19: 2024 | I19: 2025
B20: CEM.YURA ANTISALITRE MS BBx1.5TM INC.ENV | E20: =+D20/$D$4 -> 0 | G20: ENERO | H20: 204007.8 | I20: 190629.13 | J20: =+I20/H20 -> 0.93442077
B21: CEMENTO BLANCO A GRANEL EN BBx1.5 YURA | C21: 20 | D21: 30.03 | E21: =+D21/$D$4 -> 0.0045876893 | G21: FEBRERO | H21: 186305.94 | I21: 182874.29 | J21: =+I21/H21 -> 0.98158052
B22: CEMENTO YURA PRO (HE) GRANEL EN BOMBONA | D22: 329.33 | E22: =+D22/$D$4 -> 0.050311812 | G22: MARZO | H22: 199570.19 | I22: 197224.22 | J22: =+I22/H22 -> 0.98824488
B23: CEMENTO YURA IP A GRANEL EN BOMBONA | D23: 214.79 | E23: =+D23/$D$4 -> 0.032813512 | G23: ABRIL | H23: 205343.73 | I23: 198970.76 | J23: =+I23/H23 -> 0.96896438
B24: CEMENTO YURA MAX GRANEL BOMBONA | D24: 89.82 | E24: =+D24/$D$4 -> 0.01372182 | G24: MAYO | H24: 209473.77 | I24: 212393.17 | J24: =+I24/H24 -> 1.0139368
B25: DESPACHO T.M. DEL DIA | D25: =SUM(D5:D24) -> 6545.779 | H25: =+SUM(H20:H24) -> 1004701.4 | I25: =+SUM(I20:I24) -> 982091.56 | J25: =+I25/H25 -> 0.97749593
B26: ACUMULADO MES | D26: 11706.468 | E26: =+D26/E2 -> 0.05721916
D27: =+(E2/30)*2 -> 13639.333 | E27: =+D27/E2 -> 0.066666667
D28: =+D26-D27 -> -1932.8653 | E28: =+E26-E27 -> -0.0094475064
B30: TEMPORALES | D30: Capacidad ™ | E30: % | I30: TM
B31: TEMPORAL 1 | C31: 439 | D31: 2142 | E31: =+C31/D31 -> 0.20494865 | G31: CB 25 Kg. | H31: 14233 | I31: 355.825
B32: TEMPORAL 2 | C32: 1384 | D32: 1890 | E32: =+C32/D32 -> 0.73227513 | G32: CB 25 Kg. PINGÜINO | H32: 1086 | I32: 27.15
B33: MISTI | C33: 539 | D33: 3006 | E33: =+C33/D33 -> 0.17930805 | G33: CB BIGBAG x 1.5TM | H33: 185 | I33: 277.5
C34: =+SUM(C31:C33) -> 2362 | D34: =+SUM(D31:D33) -> 7038 | G34: filler | H34: 30 | I34: 45
G35: CEM MICROFISURAS | H35: 23 | I35: 34.5
B36: CARROS | G36: CARBONATO 1.5 | H36: 56 | I36: 84
B37: PLAYA | C37: LLAMADO | D37: PROCESO DE C | E37: TOTAL
B38: 15 | C38: 0 | D38: 27 | E38: =+SUM(B38:D38) -> 42
E39: RENDIMIENTO
F40: Operativos | G40: Falla
A41: H1 | B41: 0 | C41: 2243 | D41: 2400 | E41: =+C41/D41 -> 0.93458333 | F41: 7
A42: H2 | B42: 6.76 | C42: 2215 | D42: 3600 | E42: =+C42/D42 -> 0.61527778 | F42: 11 | G42: 2
A43: H3 | B43: 6.78 | C43: 3219 | D43: 3600 | E43: =+C43/D43 -> 0.89416667 | F43: 12
A44: H4 | B44: 3.93 | C44: 2932 | D44: 3900 | E44: =+C44/D44 -> 0.75179487 | F44: 11 | G44: 1
A45: H5 | B45: 12.3 | C45: 2957 | D45: 3900 | E45: =+C45/D45 -> 0.75820513 | F45: 11 | G45: 7
A46: V | B46: 2 | D46: 4300
C47: COMPUERTA | D47: HR
B48: SILO 8 | C48: 4
C49: 5
C50: 6 | D50: 15

Sheet 03.06
B1: 45811 | E1: ME JUNIO
E2: 204590
B3: DESPACHO DEL DÍA POR TIPO DE CEMENTO | H3: PLAN | I3: REAL | J3: %
D4: =D25 -> 8122.253 | F4: LUNES | G4: 45810 | H4: 7474 | I4: 6545.779 | J4: =+I4/H4 -> 0.87580666
B5: CEM. FRONTERA GU X 42.5 KG | C5: 6162 | D5: 263.25 | E5: =+D5/$D$4 -> 0.032410958 | F5: MARTES | G5: 45811 | H5: 8291 | I5: 8122.253 | J5: =+I5/H5 -> 0.97964697
B6: CEMENTO FRONTERA IP x 42.5 KG | C6: 6320 | D6: 270.05 | E6: =+D6/$D$4 -> 0.033248164 | F6: MIÉRCOLES | G6: 45812 | H6: 7668 | J6: =+I6/H6 -> 0
B7: CEMENTO HS+R X 42.5 KG RUMI | C7: 19749 | D7: 843.484 | E7: =+D7/$D$4 -> 0.10384853 | F7: JUEVES | G7: 45813 | H7: 8120 | J7: =+I7/H7 -> 0
B8: CEMENTO PORTLAND TIPO I X 42.5 KG YURA | C8: 4070 | D8: 173.48 | E8: =+D8/$D$4 -> 0.021358606 | F8: VIERNES | G8: 45814 | H8: 7820 | J8: =+I8/H8 -> 0
B9: CEMENTO YURA ANTISALITRE (MS) X 42.5 KG | C9: 40610 | D9: 1732.434 | E9: =+D9/$D$4 -> 0.21329476 | F9: SÁBADO | G9: 45815 | H9: 6286 | J9: =+I9/H9 -> 0
B10: CEMENTO YURA MAX (HS) X 42.5KG | C10: 44850 | D10: 1916.306 | E10: =+D10/$D$4 -> 0.23593281 | F10: DOMINGO | G10: 45816 | H10: 3782 | J10: =+I10/H10 -> 0
B11: CEMENTO YURA PRO (HE) 42.5KG | C11: 11570 | D11: 494.219 | E11: =+D11/$D$4 -> 0.060847526 | H11: =+SUM(H4:H10) -> 49441 | I11: =+SUM(I4:I10) -> 14668.032 | J11: =+I11/H11 -> 0.29667749
B12: CEM.PORTL.IP(GRADO CORRIENTE)X25KG CHILE | E12: =+D12/$D$4 -> 0
B13: CEMENTO BLANCO X 25 KG YURA NACIONAL | E13: =+D13/$D$4 -> 0
B14: CEM. PORT. I BBx1.5TM INC.ENV YURA | C14: 69 | D14: 104.33 | E14: =+D14/$D$4 -> 0.012844958 | F14: MAYO
B15: CEMENTO YURA PRO (HE) BBx1.5TM INC.ENV | C15: 387 | D15: 584.02 | E15: =+D15/$D$4 -> 0.071903695 | F15: REAL | G15: 212393.17 | H15: TM
B16: CEM ALT REST IN HE BB1.5TM YURA ENV CHIL | C16: 273 | D16: 412.37 | E16: =+D16/$D$4 -> 0.050770396 | F16: ME | G16: 207588 | H16: TM
B17: CEM.ANTISALITRE HS BBx1.5TM INC.ENV YURA | E17: =+D17/$D$4 -> 0 | G17: =+G15/G16 -> 1.0231476
B18: CEM. PORT. PUZ. IP BBx1.5TM INC.ENV YURA | C18: 106 | D18: 159.38 | E18: =+D18/$D$4 -> 0.019622634 | G18: =+G15-G16 -> 4805.173 | H18: TM
B19: CEMENTO YURA MAX BBx1.5TM INC.ENV | C19: 189 | D19: 284.25 | E19: =+D19/$D$4 -> 0.034996447 | H19: 2024 | I19: 2025
B20: CEM.YURA ANTISALITRE MS BBx1.5TM INC.ENV | C20: 22 | D20: 33 | E20: =+D20/$D$4 -> 0.0040629121 | G20: ENERO | H20: 204007.8 | I20: 190629.13 | J20: =+I20/H20 -> 0.93442077
B21: CEMENTO BLANCO A GRANEL EN BBx1.5 YURA | D21: 29.53 | E21: =+D21/$D$4 -> 0.0036356907 | G21: FEBRERO | H21: 186305.94 | I21: 182874.29 | J21: =+I21/H21 -> 0.98158052
B22: CEMENTO YURA PRO (HE) GRANEL EN BOMBONA | D22: 545.47 | E22: =+D22/$D$4 -> 0.067157475 | G22: MARZO | H22: 199570.19 | I22: 197224.22 | J22: =+I22/H22 -> 0.98824488
B23: CEMENTO YURA IP A GRANEL EN BOMBONA | D23: 215.84 | E23: =+D23/$D$4 -> 0.026573908 | G23: ABRIL | H23: 205343.73 | I23: 198970.76 | J23: =+I23/H23 -> 0.96896438
B24: CEMENTO YURA MAX GRANEL BOMBONA | D24: 60.84 | E24: =+D24/$D$4 -> 0.0074905325 | G24: MAYO | H24: 209473.77 | I24: 212393.17 | J24: =+I24/H24 -> 1.0139368
B25: DESPACHO T.M. DEL DIA | D25: =SUM(D5:D24) -> 8122.253 | H25: =+SUM(H20:H24) -> 1004701.4 | I25: =+SUM(I20:I24) -> 982091.56 | J25: =+I25/H25 -> 0.97749593
B26: ACUMULADO MES | D26: 19828.721 | E26: =+D26/E2 -> 0.096919307
D27: =+(E2/30)*3 -> 20459 | E27: =+D27/E2 -> 0.1 | I27: TM
D28: =+D26-D27 -> -630.279 | E28: =+E26-E27 -> -0.0030806931 | G28: BIG BAG HE NAC | H28: 112 | I28: 168
B30: TEMPORALES | D30: Capacidad ™ | E30: % | I30: TM
B31: TEMPORAL 1 | C31: 247 | D31: 2142 | E31: =+C31/D31 -> 0.11531279 | G31: CB 25 Kg. | H31: 13420 | I31: 335.5
B32: TEMPORAL 2 | C32: 1248 | D32: 1890 | E32: =+C32/D32 -> 0.66031746 | G32: CB 25 Kg. PINGÜINO | H32: 1086 | I32: 27.15
B33: MISTI | C33: 679 | D33: 3006 | E33: =+C33/D33 -> 0.22588157 | G33: CB BIGBAG x 1.5TM | H33: 165 | I33: 247.5
C34: =+SUM(C31:C33) -> 2174 | D34: =+SUM(D31:D33) -> 7038 | E34: =+C34/D34 -> 0.30889457 | G34: filler | H34: 30 | I34: 45
G35: SUPER FILLER | H35: 131 | I35: 196.5
B36: CARROS | G36: CEM MICROFISURAS | H36: 21 | I36: 31.5
B37: PLAYA | C37: LLAMADO | D37: PROCESO DE C | E37: TOTAL | G37: CARBONATO 1.5 | H37: 36 | I37: =+H37*1.5 -> 54 | J37: 56 BB de calidad
B38: 9 | C38: 1 | D38: 15 | E38: =+SUM(B38:D38) -> 25
E39: RENDIMIENTO
F40: Operativos | G40: Falla
A41: H1 | B41: 0 | C41: 2243 | D41: 2400 | E41: =+C41/D41 -> 0.93458333 | F41: 7
A42: H2 | B42: 7.22 | C42: 2173 | D42: 3600 | E42: =+C42/D42 -> 0.60361111 | F42: 12
A43: H3 | B43: 10.65 | C43: 2901 | D43: 3600 | E43: =+C43/D43 -> 0.80583333 | F43: 11
A44: H4 | B44: 13.59 | C44: 2934 | D44: 3900 | E44: =+C44/D44 -> 0.75230769 | F44: 11 | G44: 1
A45: H5 | B45: 12.77 | C45: 2814 | D45: 3900 | E45: =+C45/D45 -> 0.72153846 | F45: 11 | G45: 7
A46: V | B46: 2 | D46: 4300
C47: COMPUERTA | D47: HR
B48: SILO 8 | C48: 4
C49: 5
C50: 6 | D50: 6
C52: SILO 3 | D52: 351 | E52: 1660 | F52: =+D52/E52 -> 0.21144578
C53: SILO 5 | D53: 1256 | E53: 2700 | F53: =+D53/E53 -> 0.46518519
C54: SILO 6E | D54: 3238 | E54: 5700 | F54: =+D54/E54 -> 0.56807018

Sheet 08.06
B1: 45816 | E1: ME JUNIO
E2: 204590
B3: DESPACHO DEL DÍA POR TIPO DE CEMENTO | H3: PLAN | I3: REAL | J3: %
D4: =D25 -> 3274.306 | F4: LUNES | G4: 45810 | H4: 7474 | I4: 6545.779 | J4: =+I4/H4 -> 0.87580666
B5: CEM. FRONTERA GU X 42.5 KG | C5: 720 | D5: 30.652 | E5: =+D5/$D$4 -> 0.0093613731 | F5: MARTES | G5: 45811 | H5: 8291 | I5: 8122.253 | J5: =+I5/H5 -> 0.97964697
B6: CEMENTO FRONTERA IP x 42.5 KG | C6: 6180 | D6: 263.914 | E6: =+D6/$D$4 -> 0.080601508 | F6: MIÉRCOLES | G6: 45812 | H6: 7668 | I6: 7050.14 | J6: =+I6/H6 -> 0.91942358
B7: CEMENTO HS+R X 42.5 KG RUMI | C7: 4550 | D7: 193.79 | E7: =+D7/$D$4 -> 0.059185061 | F7: JUEVES | G7: 45813 | H7: 8120 | I7: 7708.56 | J7: =+I7/H7 -> 0.94933005
B8: CEMENTO PORTLAND TIPO I X 42.5 KG YURA | C8: 3092 | D8: 131.77 | E8: =+D8/$D$4 -> 0.040243642 | F8: VIERNES | G8: 45814 | H8: 7820 | I8: 6745.45 | J8: =+I8/H8 -> 0.86258951
B9: CEMENTO YURA ANTISALITRE (MS) X 42.5 KG | C9: 10265 | D9: 438.044 | E9: =+D9/$D$4 -> 0.13378224 | F9: SÁBADO | G9: 45815 | H9: 6286 | I9: 6600.55 | J9: =+I9/H9 -> 1.0500398
B10: CEMENTO YURA MAX (HS) X 42.5KG | C10: 19497 | D10: 831.792 | E10: =+D10/$D$4 -> 0.25403612 | F10: DOMINGO | G10: 45816 | H10: 3782 | I10: 3274.306 | J10: =+I10/H10 -> 0.86576044
B11: CEMENTO YURA PRO (HE) 42.5KG | C11: 2375 | D11: 101.434 | E11: =+D11/$D$4 -> 0.030978778 | H11: =+SUM(H4:H10) -> 49441 | I11: =+SUM(I4:I10) -> 46047.038 | J11: =+I11/H11 -> 0.93135329
B12: CEM.PORTL.IP(GRADO CORRIENTE)X25KG CHILE | E12: =+D12/$D$4 -> 0
B13: CEMENTO BLANCO X 25 KG YURA NACIONAL | E13: =+D13/$D$4 -> 0
B14: CEMENTO YURA MAX BBx1.5TM INC.ENV | C14: 40 | D14: 60.1 | E14: =+D14/$D$4 -> 0.018355035
B15: CEMENTO YURA PRO (HE) BBx1.5TM INC.ENV | C15: 215 | D15: 324.15 | E15: =+D15/$D$4 -> 0.098998078
B16: CEM. PORT. PUZ. IP BBx1.5TM INC.ENV YURA | C16: 64 | D16: 96.22 | E16: =+D16/$D$4 -> 0.02938638
B17: CEM ALT REST IN HE BB1.5TM YURA ENV CHIL | C17: 158 | D17: 238.25 | E17: =+D17/$D$4 -> 0.072763511
B18: FILLER INDUSTRIAL BB1.5TM | C18: 68 | D18: 102.46 | E18: =+D18/$D$4 -> 0.031292127
B19: FILLER INDUSTRIAL BB1.5TM | E19: =+D19/$D$4 -> 0 | H19: 2024 | I19: 2025
B20: SUPER SCM BIGBAG X 1.5 TM YURA | E20: =+D20/$D$4 -> 0 | G20: ENERO | H20: 204007.8 | I20: 190629.13 | J20: =+I20/H20 -> 0.93442077
E21: =+D21/$D$4 -> 0 | G21: FEBRERO | H21: 186305.94 | I21: 182874.29 | J21: =+I21/H21 -> 0.98158052
B22: CEMENTO YURA PRO (HE) GRANEL EN BOMBONA | D22: 181.75 | E22: =+D22/$D$4 -> 0.055507946 | G22: MARZO | H22: 199570.19 | I22: 197224.22 | J22: =+I22/H22 -> 0.98824488
B23: CEMENTO YURA MAX GRANEL BOMBONA | D23: 64.64 | E23: =+D23/$D$4 -> 0.019741588 | G23: ABRIL | H23: 205343.73 | I23: 198970.76 | J23: =+I23/H23 -> 0.96896438
B24: CEMENTO YURA IP A GRANEL EN BOMBONA | D24: 215.34 | E24: =+D24/$D$4 -> 0.065766608 | G24: MAYO | H24: 209473.77 | I24: 212393.17 | J24: =+I24/H24 -> 1.0139368
B25: DESPACHO T.M. DEL DIA | D25: =SUM(D5:D24) -> 3274.306 | H25: =+SUM(H20:H24) -> 1004701.4 | I25: =+SUM(I20:I24) -> 982091.56 | J25: =+I25/H25 -> 0.97749593
B26: ACUMULADO MES | D26: 51538.98 | E26: =+D26/E2 -> 0.25191349
D27: =+(E2/30)*8 -> 54557.333 | E27: =+D27/E2 -> 0.26666667 | I27: TM
D28: =+D26-D27 -> -3018.3533 | E28: =+E26-E27 -> -0.014753181 | G28: BIG BAG HE NAC | H28: 112 | I28: 168
B30: TEMPORALES | D30: Capacidad ™ | E30: % | I30: TM
B31: TEMPORAL 1 | C31: 1031 | D31: 2142 | E31: =+C31/D31 -> 0.48132586 | G31: CB 25 Kg. | H31: 12214 | I31: 305.35
B32: TEMPORAL 2 | C32: 1201 | D32: 1890 | E32: =+C32/D32 -> 0.63544974 | G32: CB 25 Kg. PINGÜINO | H32: 1086 | I32: 27.15
B33: MISTI | C33: 2305 | D33: 3006 | E33: =+C33/D33 -> 0.76679973 | G33: CB BIGBAG x 1.5TM | H33: 146 | I33: 219
C34: =+SUM(C31:C33) -> 4537 | D34: =+SUM(D31:D33) -> 7038 | E34: =+C34/D34 -> 0.64464336 | G34: filler | H34: 4 | I34: 6
G35: SUPER FILLER | H35: 116 | I35: 174
B36: CARROS | G36: CEM MICROFISURAS | H36: 23 | I36: 34.5
B37: PLAYA | C37: LLAMADO | D37: PROCESO DE C | E37: TOTAL | G37: CARBONATO 1.5 | H37: 73 | I37: 193.5 | J37: 56 BB de calidad
B38: 5 | C38: 1 | D38: 5 | E38: =+SUM(B38:D38) -> 11
E39: RENDIMIENTO
F40: Operativos | G40: Falla
A41: H1 | B41: 0 | C41: 2243 | D41: 2400 | E41: =+C41/D41 -> 0.93458333 | F41: 7
A42: H2 | B42: 2.24 | C42: 2468 | D42: 3600 | E42: =+C42/D42 -> 0.68555556 | F42: 12
A43: H3 | B43: 7.85 | C43: 2532 | D43: 3600 | E43: =+C43/D43 -> 0.70333333 | F43: 11
A44: H4 | B44: 4.2 | C44: 2565 | D44: 3900 | E44: =+C44/D44 -> 0.65769231 | F44: 11 | G44: 2
A45: H5 | B45: 14.63 | C45: 2559 | D45: 3900 | E45: =+C45/D45 -> 0.65615385 | F45: 11 | G45: 7
A46: V | B46: 1.44 | C46: =4857/B46 -> 3372.9167 | D46: 4300 | E46: =+C46/D46 -> 0.78439922
C47: COMPUERTA | D47: HR
B48: SILO 8 | C48: 4
C49: 5 | D49: 7
C50: 6 | D50: 8
C51: 8 | D51: 2

Sheet 09.06
B1: =TODAY()-1 -> 46171 | E1: ME JUNIO
E2: 204590
B3: DESPACHO DEL DÍA POR TIPO DE CEMENTO | H3: PLAN | I3: REAL | J3: %
D4: =D25 -> 6429.381 | F4: LUNES | G4: 45810 | H4: 7565 | I4: 6429.381 | J4: =+I4/H4 -> 0.84988513
B5: CEM. FRONTERA GU X 42.5 KG | C5: 2270 | D5: 96.802 | E5: =+D5/$D$4 -> 0.015056193 | F5: MARTES | G5: 45811 | H5: 8240 | J5: =+I5/H5 -> 0
B6: CEMENTO FRONTERA IP x 42.5 KG | C6: 11265 | D6: 480.462 | E6: =+D6/$D$4 -> 0.074729122 | F6: MIÉRCOLES | G6: 45812 | H6: 7539 | J6: =+I6/H6 -> 0
B7: CEMENTO HS+R X 42.5 KG RUMI | C7: 15473 | D7: 659.784 | E7: =+D7/$D$4 -> 0.10262014 | F7: JUEVES | G7: 45813 | H7: 8593 | J7: =+I7/H7 -> 0
B8: CEMENTO PORTLAND TIPO I X 42.5 KG YURA | C8: 1620 | D8: 68.99 | E8: =+D8/$D$4 -> 0.010730426 | F8: VIERNES | G8: 45814 | H8: 7777 | J8: =+I8/H8 -> 0
B9: CEMENTO YURA ANTISALITRE (MS) X 42.5 KG | C9: 23147 | D9: 987.724 | E9: =+D9/$D$4 -> 0.15362661 | F9: SÁBADO | G9: 45815 | H9: 6874 | J9: =+I9/H9 -> 0
B10: CEMENTO YURA MAX (HS) X 42.5KG | C10: 44963 | D10: 1918.725 | E10: =+D10/$D$4 -> 0.29843075 | F10: DOMINGO | G10: 45816 | H10: 3829 | J10: =+I10/H10 -> 0
B11: CEMENTO YURA PRO (HE) 42.5KG | C11: 9087 | D11: 388.084 | E11: =+D11/$D$4 -> 0.060361021 | H11: =+SUM(H4:H10) -> 50417 | I11: =+SUM(I4:I10) -> 6429.381 | J11: =+I11/H11 -> 0.12752407
B12: CEM.PORTL.IP(GRADO CORRIENTE)X25KG CHILE | E12: =+D12/$D$4 -> 0
B13: CEMENTO BLANCO X 25 KG YURA NACIONAL | E13: =+D13/$D$4 -> 0
B14: CEM ALT REST IN HE BB1.5TM YURA ENV CHIL | C14: 291 | D14: 439.59 | E14: =+D14/$D$4 -> 0.068372056
B15: CEM. PORT. I BBx1.5TM INC.ENV YURA | C15: 66 | D15: 99.5 | E15: =+D15/$D$4 -> 0.015475829
B16: CEM. PORT. PUZ. IP BBx1.5TM INC.ENV YURA | C16: 87 | D16: 130.64 | E16: =+D16/$D$4 -> 0.020319219
B17: CEM.ANTISALITRE HS BBx1.5TM INC.ENV YURA | C17: 20 | D17: 30.22 | E17: =+D17/$D$4 -> 0.004700297
B18: CEMENTO YURA MAX BBx1.5TM INC.ENV | C18: 127 | D18: 190.85 | E18: =+D18/$D$4 -> 0.02968404
B19: CEMENTO YURA PRO (HE) BBx1.5TM INC.ENV | C19: 261 | D19: 394.58 | E19: =+D19/$D$4 -> 0.061371382 | H19: 2024 | I19: 2025
B20: CEMENTO BLANCO A GRANEL EN BBx1.5 YURA | C20: 20 | D20: 30.01 | E20: =+D20/$D$4 -> 0.0046676344 | G20: ENERO | H20: 204007.8 | I20: 190629.13 | J20: =+I20/H20 -> 0.93442077
E21: =+D21/$D$4 -> 0 | G21: FEBRERO | H21: 186305.94 | I21: 182874.29 | J21: =+I21/H21 -> 0.98158052
B22: CEMENTO YURA IP A GRANEL EN BOMBONA | D22: 124.24 | E22: =+D22/$D$4 -> 0.019323789 | G22: MARZO | H22: 199570.19 | I22: 197224.22 | J22: =+I22/H22 -> 0.98824488
B23: CEMENTO YURA MAX GRANEL BOMBONA | D23: 88.97 | E23: =+D23/$D$4 -> 0.013838035 | G23: ABRIL | H23: 205343.73 | I23: 198970.76 | J23: =+I23/H23 -> 0.96896438
B24: CEMENTO YURA PRO (HE) GRANEL EN BOMBONA | D24: 300.21 | E24: =+D24/$D$4 -> 0.046693453 | G24: MAYO | H24: 209473.77 | I24: 212393.17 | J24: =+I24/H24 -> 1.0139368
B25: DESPACHO T.M. DEL DIA | D25: =SUM(D5:D24) -> 6429.381 | H25: =+SUM(H20:H24) -> 1004701.4 | I25: =+SUM(I20:I24) -> 982091.56 | J25: =+I25/H25 -> 0.97749593
B26: ACUMULADO MES | D26: 57968.361 | E26: =+D26/E2 -> 0.28333917 | I26: =+H25-I25 -> 22609.876
D27: =+(E2/30)*9 -> 61377 | E27: =+D27/E2 -> 0.3
D28: =+D26-D27 -> -3408.639 | E28: =+E26-E27 -> -0.016660829
B30: TEMPORALES | D30: Capacidad ™ | E30: % | I30: TM
B31: TEMPORAL 1 | C31: 488 | D31: 2142 | E31: =+C31/D31 -> 0.22782446 | G31: CB 25 Kg. | H31: 12214 | I31: 305.35
B32: TEMPORAL 2 | C32: 1083 | D32: 1890 | E32: =+C32/D32 -> 0.57301587 | G32: CB 25 Kg. PINGÜINO | H32: 1086 | I32: 27.15
B33: MISTI | C33: 1529 | D33: 3006 | E33: =+C33/D33 -> 0.50864937 | G33: CB BIGBAG x 1.5TM | H33: 126 | I33: 189
C34: =+SUM(C31:C33) -> 3100 | D34: =+SUM(D31:D33) -> 7038 | E34: =+C34/D34 -> 0.44046604 | G34: filler | H34: 4 | I34: 6
G35: SUPER FILLER | H35: 116 | I35: 174
B36: CARROS | G36: CEM MICROFISURAS | H36: 23 | I36: 34.5
B37: PLAYA | C37: LLAMADO | D37: PROCESO DE C | E37: TOTAL | G37: CARBONATO 1.5 | H37: 73 | I37: 193.5 | J37: 56 BB de calidad
B38: 17 | C38: 9 | D38: 26 | E38: =+SUM(B38:D38) -> 52
E39: RENDIMIENTO
F40: Operativos | G40: Falla
A41: H1 | B41: 0 | C41: 2243 | D41: 2400 | E41: =+C41/D41 -> 0.93458333 | F41: 7
A42: H2 | B42: 4.23 | C42: 2315 | D42: 3600 | E42: =+C42/D42 -> 0.64305556 | F42: 11
A43: H3 | B43: 7.47 | C43: 2909 | D43: 3600 | E43: =+C43/D43 -> 0.80805556 | F43: 12
A44: H4 | B44: 9.08 | C44: 2707 | D44: 3900 | E44: =+C44/D44 -> 0.69410256 | F44: 11
A45: H5 | B45: 12.72 | C45: 3004 | D45: 3900 | E45: =+C45/D45 -> 0.77025641 | F45: 12
A46: V | B46: 3.28 | C46: =6221/B46 -> 1896.6463 | D46: 4300 | E46: =+C46/D46 -> 0.44108054 | F46: 16
C47: COMPUERTA | D47: HR
B48: SILO 8 | C48: 4
C49: 5 | D49: 9
C50: 6 | D50: 9
C51: 8

Sheet 10.06
B1: 45818 | E1: ME JUNIO
E2: 204590
B3: DESPACHO DEL DÍA POR TIPO DE CEMENTO | H3: PLAN | I3: REAL | J3: %
D4: =D25 -> 8958.08 | F4: LUNES | G4: 45810 | H4: 7565 | I4: 6429.381 | J4: =+I4/H4 -> 0.84988513
B5: CEM. FRONTERA GU X 42.5 KG | C5: 7180 | D5: 306.242 | E5: =+D5/$D$4 -> 0.03418612 | F5: MARTES | G5: 45811 | H5: 8240 | I5: 8958.08 | J5: =+I5/H5 -> 1.0871456
B6: CEMENTO FRONTERA IP x 42.5 KG | C6: 17874 | D6: 762.746 | E6: =+D6/$D$4 -> 0.085146147 | F6: MIÉRCOLES | G6: 45812 | H6: 7539 | J6: =+I6/H6 -> 0
B7: CEMENTO HS+R X 42.5 KG RUMI | C7: 23885 | D7: 1019.254 | E7: =+D7/$D$4 -> 0.11378041 | F7: JUEVES | G7: 45813 | H7: 8593 | J7: =+I7/H7 -> 0
B8: CEMENTO PORTLAND TIPO I X 42.5 KG YURA | C8: 4195 | D8: 178.91 | E8: =+D8/$D$4 -> 0.019971914 | F8: VIERNES | G8: 45814 | H8: 7777 | J8: =+I8/H8 -> 0
B9: CEMENTO YURA ANTISALITRE (MS) X 42.5 KG | C9: 32200 | D9: 1372.578 | E9: =+D9/$D$4 -> 0.15322234 | F9: SÁBADO | G9: 45815 | H9: 6874 | J9: =+I9/H9 -> 0
B10: CEMENTO YURA MAX (HS) X 42.5KG | C10: 56385 | D10: 2405.642 | E10: =+D10/$D$4 -> 0.26854438 | F10: DOMINGO | G10: 45816 | H10: 3829 | J10: =+I10/H10 -> 0
B11: CEMENTO YURA PRO (HE) 42.5KG | C11: 12315 | D11: 524.878 | E11: =+D11/$D$4 -> 0.05859269 | H11: =+SUM(H4:H5) -> 15805 | I11: =+SUM(I4:I10) -> 15387.461 | J11: =+I11/H11 -> 0.97358184
B12: CEM.PORTL.IP(GRADO CORRIENTE)X25KG CHILE | E12: =+D12/$D$4 -> 0
B13: CEMENTO BLANCO X 25 KG YURA NACIONAL | E13: =+D13/$D$4 -> 0
B14: CEM ALT REST IN HE BB1.5TM YURA ENV CHIL | C14: 464 | D14: 701.1 | E14: =+D14/$D$4 -> 0.078264539
B15: CEM. PORT. I BBx1.5TM INC.ENV YURA | C15: 20 | D15: 30.21 | E15: =+D15/$D$4 -> 0.0033723744
B16: CEM. PORT. PUZ. IP BBx1.5TM INC.ENV YURA | C16: 23 | D16: 34.57 | E16: =+D16/$D$4 -> 0.0038590859
B17: CEM.YURA ANTISALITRE MS BBx1.5TM INC.ENV | C17: 46 | D17: 69.16 | E17: =+D17/$D$4 -> 0.0077204044
B18: CEMENTO YURA MAX BBx1.5TM INC.ENV | C18: 185 | D18: 278.43 | E18: =+D18/$D$4 -> 0.031081437
B19: CEMENTO YURA PRO (HE) BBx1.5TM INC.ENV | C19: 302 | D19: 455.75 | E19: =+D19/$D$4 -> 0.050875857 | H19: 2024 | I19: 2025
B20: CEMENTO BLANCO A GRANEL EN BBx1.5 YURA | E20: =+D20/$D$4 -> 0 | G20: ENERO | H20: 204007.8 | I20: 190629.13 | J20: =+I20/H20 -> 0.93442077
E21: =+D21/$D$4 -> 0 | G21: FEBRERO | H21: 186305.94 | I21: 182874.29 | J21: =+I21/H21 -> 0.98158052
B22: CEMENTO YURA IP A GRANEL EN BOMBONA | D22: 183.21 | E22: =+D22/$D$4 -> 0.020451927 | G22: MARZO | H22: 199570.19 | I22: 197224.22 | J22: =+I22/H22 -> 0.98824488
B23: CEMENTO YURA MAX GRANEL BOMBONA | D23: 29.75 | E23: =+D23/$D$4 -> 0.0033210241 | G23: ABRIL | H23: 205343.73 | I23: 198970.76 | J23: =+I23/H23 -> 0.96896438
B24: CEMENTO YURA PRO (HE) GRANEL EN BOMBONA | D24: 605.65 | E24: =+D24/$D$4 -> 0.067609354 | G24: MAYO | H24: 209473.77 | I24: 212393.17 | J24: =+I24/H24 -> 1.0139368
B25: DESPACHO T.M. DEL DIA | D25: =SUM(D5:D24) -> 8958.08 | H25: =+SUM(H20:H24) -> 1004701.4 | I25: =+SUM(I20:I24) -> 982091.56 | J25: =+I25/H25 -> 0.97749593
B26: ACUMULADO MES | D26: 66958.251 | E26: =+D26/E2 -> 0.32728017 | I26: =+I25-H25 -> -22609.876
D27: =+(E2/30)*10 -> 68196.667 | E27: =+D27/E2 -> 0.33333333
D28: =+D26-D27 -> -1238.4157 | E28: =+E26-E27 -> -0.0060531583
B30: TEMPORALES | D30: Capacidad ™ | E30: % | I30: TM
B31: TEMPORAL 1 | C31: 589 | D31: 2142 | E31: =+C31/D31 -> 0.27497666 | G31: CB 25 Kg. | H31: 12214 | I31: 305.35
B32: TEMPORAL 2 | C32: 1116 | D32: 1890 | E32: =+C32/D32 -> 0.59047619 | G32: CB 25 Kg. PINGÜINO | H32: 1086 | I32: 27.15
B33: MISTI | C33: 644 | D33: 3006 | E33: =+C33/D33 -> 0.21423819 | G33: CB BIGBAG x 1.5TM | H33: 126 | I33: 189
C34: =+SUM(C31:C33) -> 2349 | D34: =+SUM(D31:D33) -> 7038 | E34: =+C34/D34 -> 0.33375959 | G34: filler | H34: 4 | I34: 6
G35: SUPER FILLER | H35: 116 | I35: 174
B36: CARROS | G36: CEM MICROFISURAS | H36: 23 | I36: 34.5
B37: PLAYA | C37: LLAMADO | D37: PROCESO DE C | E37: TOTAL | G37: CARBONATO 1.5 | H37: 73 | I37: 193.5 | J37: 56 BB de calidad
B38: 34 | C38: 7 | D38: 16 | E38: =+SUM(B38:D38) -> 57
E39: RENDIMIENTO
F40: Operativos | G40: Falla
A41: H1 | B41: 0 | C41: 2243 | D41: 2400 | E41: =+C41/D41 -> 0.93458333 | F41: 7
A42: H2 | B42: 7.36 | C42: 2237 | D42: 3600 | E42: =+C42/D42 -> 0.62138889 | F42: 12
A43: H3 | B43: 11.47 | C43: 2926 | D43: 3600 | E43: =+C43/D43 -> 0.81277778 | F43: 12
A44: H4 | B44: 14.04 | C44: 2889 | D44: 3900 | E44: =+C44/D44 -> 0.74076923 | F44: 11
A45: H5 | B45: 13.43 | C45: 2841 | D45: 3900 | E45: =+C45/D45 -> 0.72846154 | F45: 12
A46: V | B46: 5.11 | C46: =11819/B46 -> 2312.9159 | D46: 4300 | E46: =+C46/D46 -> 0.53788741 | F46: 16
C47: COMPUERTA | D47: HR
B48: SILO 8 | C48: 4
C49: 5 | D49: 10
C50: 6 | D50: 10
C51: 8

Sheet 11.06
B1: 45819 | E1: ME JUNIO
E2: 204590
B3: DESPACHO DEL DÍA POR TIPO DE CEMENTO | H3: PLAN | I3: REAL | J3: %
D4: =D21 -> 8950.208 | F4: LUNES | G4: 45810 | H4: 7565 | I4: 6429.381 | J4: =+I4/H4 -> 0.84988513
B5: CEM. FRONTERA GU X 42.5 KG | C5: 4639 | D5: 198.018 | E5: =+D5/$D$4 -> 0.022124402 | F5: MARTES | G5: 45811 | H5: 8240 | I5: 8958.08 | J5: =+I5/H5 -> 1.0871456
B6: CEMENTO FRONTERA IP x 42.5 KG | C6: 15810 | D6: 674.565 | E6: =+D6/$D$4 -> 0.075368639 | F6: MIÉRCOLES | G6: 45812 | H6: 7539 | I6: 8950.208 | J6: =+I6/H6 -> 1.1871877
B7: CEMENTO HS+R X 42.5 KG RUMI | C7: 20774 | D7: 885.261 | E7: =+D7/$D$4 -> 0.098909545 | F7: JUEVES | G7: 45813 | H7: 8593 | J7: =+I7/H7 -> 0
B8: CEMENTO PORTLAND TIPO I X 42.5 KG YURA | C8: 5335 | D8: 227.36 | E8: =+D8/$D$4 -> 0.025402762 | F8: VIERNES | G8: 45814 | H8: 7777 | J8: =+I8/H8 -> 0
B9: CEMENTO YURA ANTISALITRE (MS) X 42.5 KG | C9: 40899 | D9: 1743.902 | E9: =+D9/$D$4 -> 0.19484486 | F9: SÁBADO | G9: 45815 | H9: 6874 | J9: =+I9/H9 -> 0
B10: CEMENTO YURA MAX (HS) X 42.5KG | C10: 51511 | D10: 2196.702 | E10: =+D10/$D$4 -> 0.24543586 | F10: DOMINGO | G10: 45816 | H10: 3829 | J10: =+I10/H10 -> 0
B11: CEMENTO YURA PRO (HE) 42.5KG | C11: 13140 | D11: 560.588 | E11: =+D11/$D$4 -> 0.062634075 | H11: =+SUM(H4:H6) -> 23344 | I11: =+SUM(I4:I10) -> 24337.669 | J11: =+I11/H11 -> 1.0425664
B12: CEM. PORT. I BBx1.5TM INC.ENV YURA | C12: 40 | D12: 60.24 | E12: =+D12/$D$4 -> 0.0067305698
B13: CEMENTO YURA PRO (HE) BBx1.5TM INC.ENV | C13: 343 | D13: 518.288 | E13: =+D13/$D$4 -> 0.057907928 | H13: 2024 | I13: 2025
B14: CEM ALT REST IN HE BB1.5TM YURA ENV CHIL | C14: 366 | D14: 552.34 | E14: =+D14/$D$4 -> 0.061712532 | G14: ENERO | H14: 204007.8 | I14: 190629.13 | J14: =+I14/H14 -> 0.93442077
B15: CEM. PORT. PUZ. IP BBx1.5TM INC.ENV YURA | C15: 82 | D15: 123.31 | E15: =+D15/$D$4 -> 0.013777333 | G15: FEBRERO | H15: 186305.94 | I15: 182874.29 | J15: =+I15/H15 -> 0.98158052
B16: CEMENTO YURA MAX BBx1.5TM INC.ENV | C16: 262 | D16: 394.094 | E16: =+D16/$D$4 -> 0.044031826 | G16: MARZO | H16: 199570.19 | I16: 197224.22 | J16: =+I16/H16 -> 0.98824488
B17: CEMENTO YURA PRO (HE) GRANEL EN BOMBONA | D17: 479.74 | E17: =+D17/$D$4 -> 0.053600989 | G17: ABRIL | H17: 205343.73 | I17: 198970.76 | J17: =+I17/H17 -> 0.96896438
B18: CEMENTO YURA IP A GRANEL EN BOMBONA | D18: 246.46 | E18: =+D18/$D$4 -> 0.02753679 | G18: MAYO | H18: 209473.77 | I18: 212393.17 | J18: =+I18/H18 -> 1.0139368
B19: CEMENTO YURA MAX GRANEL BOMBONA | D19: 59.3 | E19: =+D19/$D$4 -> 0.0066255443 | H19: =+SUM(H14:H18) -> 1004701.4 | I19: =+SUM(I14:I18) -> 982091.56 | J19: =+I19/H19 -> 0.97749593
B20: CEMENTO BLANCO A GRANEL EN BBx1.5 YURA | D20: 30.04 | E20: =+D20/$D$4 -> 0.0033563466 | I20: =+I19-H19 -> -22609.876
B21: DESPACHO T.M. DEL DIA | D21: =SUM(D5:D20) -> 8950.208
B22: ACUMULADO MES | D22: 75908.459 | E22: =D22/E2 -> 0.37102722
D23: =+(E2/30)*11 -> 75016.333 | E23: =+D23/E2 -> 0.36666667
D24: =+D22-D23 -> 892.12567 | E24: =+E22-E23 -> 0.0043605536
B26: TEMPORALES | D26: Capacidad ™ | E26: % | I26: TM
B27: TEMPORAL 1 | C27: 176 | D27: 2142 | E27: =+C27/D27 -> 0.0821662 | G27: CB 25 Kg. | H27: 12214 | I27: 305.35
B28: TEMPORAL 2 | C28: 1228 | D28: 1890 | E28: =+C28/D28 -> 0.64973545 | G28: CB 25 Kg. PINGÜINO | H28: 1086 | I28: 27.15
B29: MISTI | C29: 692 | D29: 3006 | E29: =+C29/D29 -> 0.23020625 | G29: CB BIGBAG x 1.5TM | H29: 89 | I29: 133.5
C30: =+SUM(C27:C29) -> 2096 | D30: =+SUM(D27:D29) -> 7038 | E30: =+C30/D30 -> 0.29781188 | G30: filler | H30: 4 | I30: 6
G31: SUPER FILLER | H31: 103 | I31: 154.5
B32: CARROS | G32: CEM MICROFISURAS | H32: 23 | I32: 34.5
B33: PLAYA | C33: LLAMADO | D33: PROCESO DE C | E33: TOTAL | G33: CARBONATO 1.5 | H33: 73 | I33: 193.5 | J33: 56 BB de calidad
B34: 30 | C34: 3 | D34: 23 | E34: =+SUM(B34:D34) -> 56
E35: RENDIMIENTO
F36: Operativos | G36: Falla
A37: H1 | B37: 0 | C37: 2243 | D37: 2400 | E37: =+C37/D37 -> 0.93458333 | F37: 7
A38: H2 | B38: 10.09 | C38: 2291 | D38: 3600 | E38: =+C38/D38 -> 0.63638889 | F38: 12
A39: H3 | B39: 8.79 | C39: 3261 | D39: 3600 | E39: =+C39/D39 -> 0.90583333 | F39: 12
A40: H4 | B40: 15.19 | C40: 2799 | D40: 3900 | E40: =+C40/D40 -> 0.71769231 | F40: 11
A41: H5 | B41: 14.66 | C41: 2940 | D41: 3900 | E41: =+C41/D41 -> 0.75384615 | F41: 12
A42: V | B42: 3 | C42: =8772/B42 -> 2924 | D42: 4300 | E42: =+C42/D42 -> 0.68 | F42: 16
C43: COMPUERTA | D43: HR
B44: SILO 8 | C44: 4
C45: 5 | D45: 9
C46: 6 | D46: 10
C47: 8

Sheet 12.06
B1: 45820 | E1: ME JUNIO
E2: 204590
B3: DESPACHO DEL DÍA POR TIPO DE CEMENTO | H3: PLAN | I3: REAL | J3: %
D4: =D22 -> 8754.383 | F4: LUNES | G4: 45817 | H4: 7565 | I4: 6429.381 | J4: =+I4/H4 -> 0.84988513
B5: CEM. FRONTERA GU X 42.5 KG | C5: 4545 | D5: 193.864 | E5: =+D5/$D$4 -> 0.022144793 | F5: MARTES | G5: 45818 | H5: 8240 | I5: 8958.08 | J5: =+I5/H5 -> 1.0871456
B6: CEMENTO FRONTERA IP x 42.5 KG | C6: 20250 | D6: 863.484 | E6: =+D6/$D$4 -> 0.098634478 | F6: MIÉRCOLES | G6: 45819 | H6: 7539 | I6: 8950.208 | J6: =+I6/H6 -> 1.1871877
B7: CEMENTO HS+R X 42.5 KG RUMI | C7: 17753 | D7: 757.154 | E7: =+D7/$D$4 -> 0.086488562 | F7: JUEVES | G7: 45820 | H7: 8593 | I7: 8754.383 | J7: =+I7/H7 -> 1.0187808
B8: CEMENTO PORTLAND TIPO I X 42.5 KG YURA | C8: 3290 | D8: 140.02 | E8: =+D8/$D$4 -> 0.015994274 | F8: VIERNES | G8: 45821 | H8: 7777 | J8: =+I8/H8 -> 0
B9: CEMENTO YURA ANTISALITRE (MS) X 42.5 KG | C9: 41300 | D9: 1760.402 | E9: =+D9/$D$4 -> 0.20108807 | F9: SÁBADO | G9: 45822 | H9: 6874 | J9: =+I9/H9 -> 0
B10: CEMENTO YURA MAX (HS) X 42.5KG | C10: 54394 | D10: 2317.691 | E10: =+D10/$D$4 -> 0.26474636 | F10: DOMINGO | G10: 45823 | H10: 3829 | J10: =+I10/H10 -> 0
B11: CEMENTO YURA PRO (HE) 42.5KG | C11: 10770 | D11: 458.698 | E11: =+D11/$D$4 -> 0.052396382 | H11: =+SUM(H4:H6) -> 23344 | I11: =+SUM(I4:I10) -> 33092.052 | J11: =+I11/H11 -> 1.4175828
B12: CEM. PORT. I BBx1.5TM INC.ENV YURA | C12: 22 | D12: 33.3 | E12: =+D12/$D$4 -> 0.0038038089
B13: CEMENTO YURA PRO (HE) BBx1.5TM INC.ENV | C13: 360 | D13: 544.48 | E13: =+D13/$D$4 -> 0.062195131 | H13: 2024 | I13: 2025
B14: CEM ALT REST IN HE BB1.5TM YURA ENV CHIL | C14: 294 | D14: 444.58 | E14: =+D14/$D$4 -> 0.050783705 | G14: ENERO | H14: 204007.8 | I14: 190629.13 | J14: =+I14/H14 -> 0.93442077
B15: CEM. PORT. PUZ. IP BBx1.5TM INC.ENV YURA | C15: 61 | D15: 91.8 | E15: =+D15/$D$4 -> 0.010486176 | G15: FEBRERO | H15: 186305.94 | I15: 182874.29 | J15: =+I15/H15 -> 0.98158052
B16: CEM.YURA ANTISALITRE MS BBx1.5TM INC.ENV | C16: 24 | D16: 36.03 | E16: =+D16/$D$4 -> 0.0041156527 | G16: MARZO | H16: 199570.19 | I16: 197224.22 | J16: =+I16/H16 -> 0.98824488
B17: CEMENTO YURA MAX BBx1.5TM INC.ENV | C17: 254 | D17: 381.9 | E17: =+D17/$D$4 -> 0.043623862 | G17: ABRIL | H17: 205343.73 | I17: 198970.76 | J17: =+I17/H17 -> 0.96896438
B18: CEMENTO BLANCO A GRANEL EN BBx1.5 YURA | C18: 20 | D18: 30.27 | E18: =+D18/$D$4 -> 0.0034576966 | G18: MAYO | H18: 209473.77 | I18: 212393.17 | J18: =+I18/H18 -> 1.0139368
B19: CEMENTO YURA PRO (HE) GRANEL EN BOMBONA | D19: 516.79 | E19: =+D19/$D$4 -> 0.059032144 | H19: =+SUM(H14:H18) -> 1004701.4 | I19: =+SUM(I14:I18) -> 982091.56 | J19: =+I19/H19 -> 0.97749593
B20: CEMENTO YURA IP A GRANEL EN BOMBONA | D20: 92.45 | E20: =+D20/$D$4 -> 0.010560424 | I20: =+I19-H19 -> -22609.876
B21: CEMENTO YURA MAX GRANEL BOMBONA | D21: 91.47
B22: DESPACHO T.M. DEL DIA | D22: =SUM(D5:D21) -> 8754.383
B23: ACUMULADO MES | D23: 84862.7 | E23: =+D23/E2 -> 0.41479398
D24: =+(E2/30)*12 -> 81836 | E24: =+D24/E2 -> 0.4
D25: =+D23-D24 -> 3026.7 | E25: =+E23-E24 -> 0.014793978
B27: TEMPORALES | D27: Capacidad ™ | E27: % | I27: TM
B28: TEMPORAL 1 | C28: 1346 | D28: 2142 | E28: =+C28/D28 -> 0.62838469 | G28: CB 25 Kg. | H28: 12214 | I28: 305.35
B29: TEMPORAL 2 | C29: 1346 | D29: 1890 | E29: =+C29/D29 -> 0.71216931 | G29: CB 25 Kg. PINGÜINO | H29: 1086 | I29: 27.15
B30: MISTI | C30: 692 | D30: 3006 | E30: =+C30/D30 -> 0.23020625 | G30: CB BIGBAG x 1.5TM | H30: 89 | I30: 133.5
C31: =+SUM(C28:C30) -> 3384 | D31: =+SUM(D28:D30) -> 7038 | E31: =+C31/D31 -> 0.48081841 | G31: filler | H31: 4 | I31: 6
G32: SUPER FILLER | H32: 103 | I32: 154.5
B33: CARROS | G33: CEM MICROFISURAS | H33: 23 | I33: 34.5
B34: PLAYA | C34: LLAMADO | D34: PROCESO DE C | E34: TOTAL | G34: CARBONATO 1.5 | H34: 73 | I34: 193.5 | J34: 56 BB de calidad
B35: 30 | C35: 3 | D35: 23 | E35: =+SUM(B35:D35) -> 56
E36: RENDIMIENTO
F37: Operativos | G37: Falla
A38: H1 | B38: 0 | C38: 2243 | D38: 2400 | E38: =+C38/D38 -> 0.93458333 | F38: 7
A39: H2 | B39: 10.09 | C39: 2291 | D39: 3600 | E39: =+C39/D39 -> 0.63638889 | F39: 12
A40: H3 | B40: 8.79 | C40: 3261 | D40: 3600 | E40: =+C40/D40 -> 0.90583333 | F40: 12
A41: H4 | B41: 15.19 | C41: 2799 | D41: 3900 | E41: =+C41/D41 -> 0.71769231 | F41: 11
A42: H5 | B42: 14.66 | C42: 2940 | D42: 3900 | E42: =+C42/D42 -> 0.75384615 | F42: 12
A43: V | B43: 3 | C43: =8772/B43 -> 2924 | D43: 4300 | E43: =+C43/D43 -> 0.68 | F43: 16
C44: COMPUERTA | D44: HR
B45: SILO 8 | C45: 4
C46: 5 | D46: 9
C47: 6 | D47: 10
C48: 8

Sheet 15.06
B1: 45823 | E1: ME JUNIO
E2: 204590
B3: DESPACHO DEL DÍA POR TIPO DE CEMENTO | H3: PLAN | I3: REAL | J3: %
D4: =D25 -> 3605.767 | F4: LUNES | G4: 45817 | H4: 7565 | I4: 6429.381 | J4: =+I4/H4 -> 0.84988513
B5: CEM. FRONTERA GU X 42.5 KG | E5: =+D5/$D$4 -> 0 | F5: MARTES | G5: 45818 | H5: 8240 | I5: 8958.08 | J5: =+I5/H5 -> 1.0871456
B6: CEMENTO FRONTERA IP x 42.5 KG | C6: 9210 | D6: 393.178 | E6: =+D6/$D$4 -> 0.10904143 | F6: MIÉRCOLES | G6: 45819 | H6: 7539 | I6: 8950.208 | J6: =+I6/H6 -> 1.1871877
B7: CEMENTO HS+R X 42.5 KG RUMI | C7: 7895 | D7: 336.24 | E7: =+D7/$D$4 -> 0.093250618 | F7: JUEVES | G7: 45820 | H7: 8593 | I7: 8754.383 | J7: =+I7/H7 -> 1.0187808
B8: CEMENTO PORTLAND TIPO I X 42.5 KG YURA | C8: 4590 | D8: 195.78 | E8: =+D8/$D$4 -> 0.054296354 | F8: VIERNES | G8: 45821 | H8: 7777 | I8: 8754.38 | J8: =+I8/H8 -> 1.1256757
B9: CEMENTO YURA ANTISALITRE (MS) X 42.5 KG | C9: 14880 | D9: 634.128 | E9: =+D9/$D$4 -> 0.17586494 | F9: SÁBADO | G9: 45822 | H9: 6874 | I9: 6175.77 | J9: =+I9/H9 -> 0.8984245
B10: CEMENTO YURA MAX (HS) X 42.5KG | C10: 15717 | D10: 670.572 | E10: =+D10/$D$4 -> 0.18597208 | F10: DOMINGO | G10: 45823 | H10: 3829 | I10: 3605.767 | J10: =+I10/H10 -> 0.9416994
B11: CEMENTO YURA PRO (HE) 42.5KG | C11: 5530 | D11: 236.212 | E11: =+D11/$D$4 -> 0.065509502 | H11: =+SUM(H4:H10) -> 50417 | I11: =+SUM(I4:I10) -> 51627.969 | J11: =+I11/H11 -> 1.0240191 | K11: =+I11-H11 -> 1210.969
B12: CEM.PORTL.IP(GRADO CORRIENTE)X25KG CHILE | C12: 2548 | D12: 64.318 | E12: =+D12/$D$4 -> 0.017837536
B13: CEMENTO BLANCO PINGÜINO/ESLINGAX72UND25K | E13: =+D13/$D$4 -> 0 | H13: 2024 | I13: 2025
B14: CEM. PORT. I BBx1.5TM INC.ENV YURA | E14: =+D14/$D$4 -> 0 | G14: ENERO | H14: 204007.8 | I14: 190629.13 | J14: =+I14/H14 -> 0.93442077
B15: CEMENTO YURA PRO (HE) BBx1.5TM INC.ENV | C15: 87 | D15: 131.58 | E15: =+D15/$D$4 -> 0.036491543 | G15: FEBRERO | H15: 186305.94 | I15: 182874.29 | J15: =+I15/H15 -> 0.98158052
B16: CEM ALT REST IN HE BB1.5TM YURA ENV CHIL | C16: 23 | D16: 34.67 | E16: =+D16/$D$4 -> 0.0096151526 | G16: MARZO | H16: 199570.19 | I16: 197224.22 | J16: =+I16/H16 -> 0.98824488
B17: CEM. PORT. PUZ. IP BBx1.5TM INC.ENV YURA | C17: 22 | D17: 33.13 | E17: =+D17/$D$4 -> 0.009188059 | G17: ABRIL | H17: 205343.73 | I17: 198970.76 | J17: =+I17/H17 -> 0.96896438
B18: CEM.ANTISALITRE HS BBx1.5TM INC.ENV YURA | C18: 42 | D18: 63.4 | E18: =+D18/$D$4 -> 0.017582944 | G18: MAYO | H18: 209473.77 | I18: 212393.17 | J18: =+I18/H18 -> 1.0139368
B19: CEM.YURA ANTISALITRE MS BBx1.5TM INC.ENV | C19: 3 | D19: 4.521 | E19: =+D19/$D$4 -> 0.0012538248 | H19: =+SUM(H14:H18) -> 1004701.4 | I19: =+SUM(I14:I18) -> 982091.56 | J19: =+I19/H19 -> 0.97749593
B20: CEMENTO YURA MAX BBx1.5TM INC.ENV | C20: 141 | D20: 212.778 | E20: =+D20/$D$4 -> 0.059010469 | I20: =+I19-H19 -> -22609.876
B21: FILLER INDUSTRIAL BB1.5TM | C21: 152 | D21: 229.33 | E21: =+D21/$D$4 -> 0.063600893
B22: CEMENTO YURA PRO (HE) GRANEL EN BOMBONA | D22: 242.25 | E22: =+D22/$D$4 -> 0.067184042
B23: CEMENTO YURA IP A GRANEL EN BOMBONA | D23: 123.68 | E23: =+D23/$D$4 -> 0.034300608
B24: CEMENTO YURA MAX GRANEL BOMBONA | E24: =+D24/$D$4 -> 0
B25: DESPACHO T.M. DEL DIA | D25: =SUM(D5:D24) -> 3605.767
B26: ACUMULADO MES | D26: 103014.3 | E26: =+D26/E2 -> 0.50351579
D27: =+(E2/30)*15 -> 102295 | E27: =+D27/E2 -> 0.5
D28: =+D26-D27 -> 719.296 | E28: =+E26-E27 -> 0.0035157926
B30: TEMPORALES | D30: Capacidad ™ | E30: % | I30: TM
B31: TEMPORAL 1 | C31: 2022 | D31: 2142 | E31: =+C31/D31 -> 0.94397759 | G31: CB 25 Kg. | H31: 12128 | I31: 303.2
B32: TEMPORAL 2 | C32: 1197 | D32: 1890 | E32: =+C32/D32 -> 0.63333333 | G32: CB 25 Kg. PINGÜINO | H32: 6 | I32: 0.15
B33: MISTI | C33: 692 | D33: 3006 | E33: =+C33/D33 -> 0.23020625 | G33: CB BIGBAG x 1.5TM | H33: 73 | I33: 109.5
C34: =+SUM(C31:C33) -> 3911 | D34: =+SUM(D31:D33) -> 7038 | E34: =+C34/D34 -> 0.55569764 | G34: filler | H34: 22 | I34: 33
G35: SUPER FILLER | H35: 103 | I35: 154.5
B36: CARROS | G36: CEM MICROFISURAS | H36: 23 | I36: 34.5
B37: PLAYA | C37: LLAMADO | D37: PROCESO DE C | E37: TOTAL | G37: CARBONATO 1.5 | H37: 73 | I37: 193.5 | J37: 56 BB de calidad
B38: 30 | C38: 3 | D38: 23 | E38: =+SUM(B38:D38) -> 56
E39: RENDIMIENTO
F40: Operativos | G40: Falla
A41: H1 | B41: 0 | C41: 2243 | D41: 2400 | E41: =+C41/D41 -> 0.93458333 | F41: 7
A42: H2 | B42: 5 | C42: 2023 | D42: 3600 | E42: =+C42/D42 -> 0.56194444 | F42: 12
A43: H3 | B43: 5.6 | C43: 1974 | D43: 3600 | E43: =+C43/D43 -> 0.54833333 | F43: 12
A44: H4 | B44: 10.8 | C44: 2966 | D44: 3900 | E44: =+C44/D44 -> 0.76051282 | F44: 11
A45: H5 | B45: 10.94 | C45: 2611 | D45: 3900 | E45: =+C45/D45 -> 0.66948718 | F45: 12
A46: V | B46: 7.91 | C46: =16101/B46 -> 2035.5247 | D46: 4300 | E46: =+C46/D46 -> 0.47337783 | F46: 16
C47: COMPUERTA | D47: HR
B48: SILO 8 | C48: 4
C49: 5 | D49: 6
C50: 6 | D50: 6
C51: 8

Sheet 16.06
B1: 45824 | E1: ME JUNIO
E2: 204590
B3: DESPACHO DEL DÍA POR TIPO DE CEMENTO | H3: PLAN | I3: REAL | J3: %
D4: =D25 -> 6975.13 | F4: LUNES | G4: 45824 | H4: 6956 | I4: 6975.13 | J4: =+I4/H4 -> 1.0027501
B5: CEM. FRONTERA GU X 42.5 KG | C5: 4695 | D5: 200.206 | E5: =+D5/$D$4 -> 0.028702834 | F5: MARTES | G5: 45825 | H5: 8342 | J5: =+I5/H5 -> 0
B6: CEMENTO FRONTERA IP x 42.5 KG | C6: 21646 | D6: 924.122 | E6: =+D6/$D$4 -> 0.13248814 | F6: MIÉRCOLES | G6: 45826 | H6: 8167 | J6: =+I6/H6 -> 0
B7: CEMENTO HS+R X 42.5 KG RUMI | C7: 14355 | D7: 612.534 | E7: =+D7/$D$4 -> 0.087816858 | F7: JUEVES | G7: 45827 | H7: 8377 | J7: =+I7/H7 -> 0
B8: CEMENTO PORTLAND TIPO I X 42.5 KG YURA | C8: 2360 | D8: 100.67 | E8: =+D8/$D$4 -> 0.014432706 | F8: VIERNES | G8: 45828 | H8: 7647 | J8: =+I8/H8 -> 0
B9: CEMENTO YURA ANTISALITRE (MS) X 42.5 KG | C9: =27966+730 -> 28696 | D9: =1192.078+31.072 -> 1223.15 | E9: =+D9/$D$4 -> 0.17535874 | F9: SÁBADO | G9: 45829 | H9: 6514 | J9: =+I9/H9 -> 0
B10: CEMENTO YURA MAX (HS) X 42.5KG | C10: 39166 | D10: 1670.734 | E10: =+D10/$D$4 -> 0.23952729 | F10: DOMINGO | G10: 45830 | H10: 3318 | J10: =+I10/H10 -> 0
B11: CEMENTO YURA PRO (HE) 42.5KG | C11: 10655 | D11: 455.094 | E11: =+D11/$D$4 -> 0.065245236 | H11: =+SUM(H4:H10) -> 49321 | I11: =+SUM(I4:I10) -> 6975.13 | J11: =+I11/H11 -> 0.14142313
B12: CEM.PORTL.IP(GRADO CORRIENTE)X25KG CHILE | E12: =+D12/$D$4 -> 0
B13: CEMENTO BLANCO PINGÜINO/ESLINGAX72UND25K | E13: =+D13/$D$4 -> 0 | H13: 2024 | I13: 2025
B14: CEM. PORT. I BBx1.5TM INC.ENV YURA | C14: 20 | D14: 30.2 | E14: =+D14/$D$4 -> 0.0043296684 | G14: ENERO | H14: 204007.8 | I14: 190629.13 | J14: =+I14/H14 -> 0.93442077
B15: CEMENTO YURA PRO (HE) BBx1.5TM INC.ENV | C15: 467 | D15: 705.82 | E15: =+D15/$D$4 -> 0.10119095 | G15: FEBRERO | H15: 186305.94 | I15: 182874.29 | J15: =+I15/H15 -> 0.98158052
B16: CEM ALT REST IN HE BB1.5TM YURA ENV CHIL | C16: 203 | D16: 306.67 | E16: =+D16/$D$4 -> 0.043966206 | G16: MARZO | H16: 199570.19 | I16: 197224.22 | J16: =+I16/H16 -> 0.98824488
B17: CEM. PORT. PUZ. IP BBx1.5TM INC.ENV YURA | C17: 21 | D17: 31.84 | E17: =+D17/$D$4 -> 0.0045647895 | G17: ABRIL | H17: 205343.73 | I17: 198970.76 | J17: =+I17/H17 -> 0.96896438
B18: CEM.ANTISALITRE HS BBx1.5TM INC.ENV YURA | E18: =+D18/$D$4 -> 0 | G18: MAYO | H18: 209473.77 | I18: 212393.17 | J18: =+I18/H18 -> 1.0139368
B19: CEM.YURA ANTISALITRE MS BBx1.5TM INC.ENV | E19: =+D19/$D$4 -> 0 | H19: =+SUM(H14:H18) -> 1004701.4 | I19: =+SUM(I14:I18) -> 982091.56 | J19: =+I19/H19 -> 0.97749593
B20: CEMENTO YURA MAX BBx1.5TM INC.ENV | C20: 87 | D20: 131.28 | E20: =+D20/$D$4 -> 0.018821155 | I20: =+I19-H19 -> -22609.876
B21: FILLER INDUSTRIAL BB1.5TM | C21: 43 | D21: 64.82 | E21: =+D21/$D$4 -> 0.0092930168
B22: CEMENTO YURA PRO (HE) GRANEL EN BOMBONA | D22: 363.65 | E22: =+D22/$D$4 -> 0.052135229
B23: CEMENTO YURA IP A GRANEL EN BOMBONA | D23: 124.63 | E23: =+D23/$D$4 -> 0.017867767
B24: CEMENTO YURA MAX GRANEL BOMBONA | D24: 29.71 | E24: =+D24/$D$4 -> 0.0042594188
B25: DESPACHO T.M. DEL DIA | D25: =SUM(D5:D24) -> 6975.13
B26: ACUMULADO MES | D26: 110052.88 | E26: =+D26/E2 -> 0.53791914
D27: =+(E2/30)*16 -> 109114.67 | E27: =+D27/E2 -> 0.53333333
D28: =+D26-D27 -> 938.20933 | E28: =+E26-E27 -> 0.0045858025
B30: TEMPORALES | D30: Capacidad ™ | E30: % | I30: TM
B31: TEMPORAL 1 | C31: 72 | D31: 2142 | E31: =+C31/D31 -> 0.033613445 | G31: CB 25 Kg. | H31: 12128 | I31: 303.2
B32: TEMPORAL 2 | C32: 1035 | D32: 1890 | E32: =+C32/D32 -> 0.54761905 | G32: CB 25 Kg. PINGÜINO | H32: 6 | I32: 0.15
B33: MISTI | C33: 516 | D33: 3006 | E33: =+C33/D33 -> 0.17165669 | G33: CB BIGBAG x 1.5TM | H33: 53 | I33: 79.5
C34: =+SUM(C31:C33) -> 1623 | D34: =+SUM(D31:D33) -> 7038 | E34: =+C34/D34 -> 0.23060529 | G34: filler | H34: 22 | I34: 33
G35: SCM | H35: 116 | I35: 174
B36: CARROS | G36: CEM MICROFISURAS | H36: 23 | I36: 34.5
B37: PLAYA | C37: LLAMADO | D37: PROCESO DE C | E37: TOTAL | G37: CARBONATO 1.5 | H37: 73 | I37: 193.5 | J37: 56 BB de calidad
B38: 18 | C38: 0 | D38: 11 | E38: =+SUM(B38:D38) -> 29
E39: RENDIMIENTO | G39: SCM: lote 1 | H39: 30
F40: Operativos | G40: lote 2 | H40: 33
A41: H1 | B41: 0 | C41: 2243 | D41: 2400 | E41: =+C41/D41 -> 0.93458333 | F41: 7 | G41: lote 3 | H41: 53
A42: H2 | B42: 5.88 | C42: 2232 | D42: 3600 | E42: =+C42/D42 -> 0.62 | F42: 12
A43: H3 | B43: 7.38 | C43: 2590 | D43: 3600 | E43: =+C43/D43 -> 0.71944444 | F43: 12
A44: H4 | B44: 6.5 | C44: 3000 | D44: 3900 | E44: =+C44/D44 -> 0.76923077 | F44: 11
A45: H5 | B45: 5.69 | C45: 2279 | D45: 3900 | E45: =+C45/D45 -> 0.58435897 | F45: 12
A46: V | B46: 4.15 | C46: =9914/B46 -> 2388.9157 | D46: 4300 | E46: =+C46/D46 -> 0.55556178 | F46: 16
C47: COMPUERTA | D47: HR
B48: SILO 8 | C48: 4
C49: 5 | D49: 2
C50: 6 | D50: 3
C51: 8
B54: PEDIR ASPIRADORA

Sheet 17.06
B1: 45825 | E1: ME JUNIO
E2: 204590
B3: DESPACHO DEL DÍA POR TIPO DE CEMENTO | H3: PLAN | I3: REAL | J3: %
D4: =D25 -> 7563.102 | F4: LUNES | G4: 45824 | H4: 6956 | I4: 6975.13 | J4: =+I4/H4 -> 1.0027501
B5: CEM. FRONTERA GU X 42.5 KG | C5: 2220 | D5: 94.692 | E5: =+D5/$D$4 -> 0.01252026 | F5: MARTES | G5: 45825 | H5: 8342 | I5: 7563.102 | J5: =+I5/H5 -> 0.90662935
B6: CEMENTO FRONTERA IP x 42.5 KG | C6: 14490 | D6: 618.56 | E6: =+D6/$D$4 -> 0.081786547 | F6: MIÉRCOLES | G6: 45826 | H6: 8167 | J6: =+I6/H6 -> 0
B7: CEMENTO HS+R X 42.5 KG RUMI | C7: 15359 | D7: 655.12 | E7: =+D7/$D$4 -> 0.086620543 | F7: JUEVES | G7: 45827 | H7: 8377 | J7: =+I7/H7 -> 0
B8: CEMENTO PORTLAND TIPO I X 42.5 KG YURA | C8: 5564 | D8: 237.21 | E8: =+D8/$D$4 -> 0.031364115 | F8: VIERNES | G8: 45828 | H8: 7647 | J8: =+I8/H8 -> 0
B9: CEMENTO YURA ANTISALITRE (MS) X 42.5 KG | C9: 35098 | D9: 1495.87 | E9: =+D9/$D$4 -> 0.19778525 | F9: SÁBADO | G9: 45829 | H9: 6514 | J9: =+I9/H9 -> 0
B10: CEMENTO YURA MAX (HS) X 42.5KG | C10: 37997 | D10: 1621.528 | E10: =+D10/$D$4 -> 0.21439986 | F10: DOMINGO | G10: 45830 | H10: 3318 | J10: =+I10/H10 -> 0
B11: CEMENTO YURA PRO (HE) 42.5KG | C11: 11650 | D11: 497.362 | E11: =+D11/$D$4 -> 0.065761641 | H11: =+SUM(H4:H10) -> 49321 | I11: =+SUM(I4:I10) -> 14538.232 | J11: =+I11/H11 -> 0.29476758
B12: CEM.PORTL.IP(GRADO CORRIENTE)X25KG CHILE | E12: =+D12/$D$4 -> 0
B13: CEMENTO BLANCO PINGÜINO/ESLINGAX72UND25K | E13: =+D13/$D$4 -> 0 | H13: 2024 | I13: 2025
B14: CEM. PORT. I BBx1.5TM INC.ENV YURA | C14: 21 | D14: 31.67 | E14: =+D14/$D$4 -> 0.0041874353 | G14: ENERO | H14: 204007.8 | I14: 190629.13 | J14: =+I14/H14 -> 0.93442077
B15: CEMENTO YURA PRO (HE) BBx1.5TM INC.ENV | C15: 394 | D15: 595.15 | E15: =+D15/$D$4 -> 0.078691257 | G15: FEBRERO | H15: 186305.94 | I15: 182874.29 | J15: =+I15/H15 -> 0.98158052
B16: CEM ALT REST IN HE BB1.5TM YURA ENV CHIL | C16: 384 | D16: 580.5 | E16: =+D16/$D$4 -> 0.076754221 | G16: MARZO | H16: 199570.19 | I16: 197224.22 | J16: =+I16/H16 -> 0.98824488
B17: CEM. PORT. PUZ. IP BBx1.5TM INC.ENV YURA | C17: 42 | D17: 63.25 | E17: =+D17/$D$4 -> 0.0083629706 | G17: ABRIL | H17: 205343.73 | I17: 198970.76 | J17: =+I17/H17 -> 0.96896438
B18: CEM.ANTISALITRE HS BBx1.5TM INC.ENV YURA | E18: =+D18/$D$4 -> 0 | G18: MAYO | H18: 209473.77 | I18: 212393.17 | J18: =+I18/H18 -> 1.0139368
B19: CEM.YURA ANTISALITRE MS BBx1.5TM INC.ENV | E19: =+D19/$D$4 -> 0 | H19: =+SUM(H14:H18) -> 1004701.4 | I19: =+SUM(I14:I18) -> 982091.56 | J19: =+I19/H19 -> 0.97749593
B20: CEMENTO YURA MAX BBx1.5TM INC.ENV | C20: 188 | D20: 284.08 | E20: =+D20/$D$4 -> 0.037561308 | I20: =+I19-H19 -> -22609.876
B21: CEMENTO BLANCO A GRANEL EN BBx1.5 YURA | D21: 29.61 | E21: =+D21/$D$4 -> 0.0039150602
B22: CEMENTO YURA PRO (HE) GRANEL EN BOMBONA | D22: 362.63 | E22: =+D22/$D$4 -> 0.047947258
B23: CEMENTO YURA IP A GRANEL EN BOMBONA | D23: 218.01 | E23: =+D23/$D$4 -> 0.028825474
B24: CEMENTO YURA MAX GRANEL BOMBONA | D24: 177.86 | E24: =+D24/$D$4 -> 0.023516806
B25: DESPACHO T.M. DEL DIA | D25: =SUM(D5:D24) -> 7563.102
B26: ACUMULADO MES | D26: 117615.98 | E26: =+D26/E2 -> 0.57488625
D27: =+(E2/30)*17 -> 115934.33 | E27: =+D27/E2 -> 0.56666667
D28: =+D26-D27 -> 1681.6447 | E28: =+E26-E27 -> 0.0082195839
B30: TEMPORALES | D30: Capacidad ™ | E30: % | I30: TM
B31: TEMPORAL 1 | C31: 718 | D31: 2142 | E31: =+C31/D31 -> 0.33520075 | G31: CB 25 Kg. | H31: 12128 | I31: 303.2
B32: TEMPORAL 2 | C32: 960 | D32: 1890 | E32: =+C32/D32 -> 0.50793651 | G32: CB 25 Kg. PINGÜINO | H32: 6 | I32: 0.15
B33: MISTI | C33: 706 | D33: 3006 | E33: =+C33/D33 -> 0.23486361 | G33: CB BIGBAG x 1.5TM | H33: 53 | I33: 79.5
C34: =+SUM(C31:C33) -> 2384 | D34: =+SUM(D31:D33) -> 7038 | E34: =+C34/D34 -> 0.33873259 | G34: filler | H34: 22 | I34: 33
G35: SCM | H35: 116 | I35: 174
B36: CARROS | G36: CEM MICROFISURAS | H36: 23 | I36: 34.5
B37: PLAYA | C37: LLAMADO | D37: PROCESO DE C | E37: TOTAL | G37: CARBONATO 1.5 | H37: 73 | I37: 193.5 | J37: 56 BB de calidad
B38: 26 | C38: 2 | D38: 10 | E38: =+SUM(B38:D38) -> 38
E39: RENDIMIENTO | G39: SCM: lote 1 | H39: 30
F40: Operativos | G40: lote 2 | H40: 33
A41: H1 | B41: 0 | C41: 2243 | D41: 2400 | E41: =+C41/D41 -> 0.93458333 | F41: 7 | G41: lote 3 | H41: 53
A42: H2 | B42: 5.99 | C42: 2415 | D42: 3600 | E42: =+C42/D42 -> 0.67083333 | F42: 12
A43: H3 | B43: 9.89 | C43: 2692 | D43: 3600 | E43: =+C43/D43 -> 0.74777778 | F43: 12
A44: H4 | B44: 12.11 | C44: 2935 | D44: 3900 | E44: =+C44/D44 -> 0.7525641 | F44: 11
A45: H5 | B45: 12.82 | C45: 2791 | D45: 3900 | E45: =+C45/D45 -> 0.71564103 | F45: 12
A46: V | B46: 3.61 | C46: 2968 | D46: 4300 | E46: =+C46/D46 -> 0.69023256 | F46: 16
C47: COMPUERTA | D47: HR
B48: SILO 8 | C48: 4
C49: 5 | D49: 8
C50: 6 | D50: 10
C51: 8

Sheet 18.06
B1: 45826 | E1: ME JUNIO
E2: 204590
B3: DESPACHO DEL DÍA POR TIPO DE CEMENTO | H3: PLAN | I3: REAL | J3: %
D4: =D25 -> 7752.65 | F4: LUNES | G4: 45824 | H4: 6956 | I4: 6975.13 | J4: =+I4/H4 -> 1.0027501
B5: CEM. FRONTERA GU X 42.5 KG | C5: 2160 | D5: 92.258 | E5: =+D5/$D$4 -> 0.011900189 | F5: MARTES | G5: 45825 | H5: 8342 | I5: 7563.102 | J5: =+I5/H5 -> 0.90662935
B6: CEMENTO FRONTERA IP x 42.5 KG | C6: 14969 | D6: 638.99 | E6: =+D6/$D$4 -> 0.08242214 | F6: MIÉRCOLES | G6: 45826 | H6: 8167 | I6: 7752.65 | J6: =+I6/H6 -> 0.94926534
B7: CEMENTO HS+R X 42.5 KG RUMI | C7: 21523 | D7: 918.188 | E7: =+D7/$D$4 -> 0.11843537 | F7: JUEVES | G7: 45827 | H7: 8377 | J7: =+I7/H7 -> 0
B8: CEMENTO PORTLAND TIPO I X 42.5 KG YURA | C8: 1565 | D8: 66.73 | E8: =+D8/$D$4 -> 0.0086073794 | F8: VIERNES | G8: 45828 | H8: 7647 | J8: =+I8/H8 -> 0
B9: CEMENTO YURA ANTISALITRE (MS) X 42.5 KG | C9: 28508 | D9: 1213.918 | E9: =+D9/$D$4 -> 0.15658104 | F9: SÁBADO | G9: 45829 | H9: 6514 | J9: =+I9/H9 -> 0
B10: CEMENTO YURA MAX (HS) X 42.5KG | C10: 42683 | D10: 1821.988 | E10: =+D10/$D$4 -> 0.23501487 | F10: DOMINGO | G10: 45830 | H10: 3318 | J10: =+I10/H10 -> 0
B11: CEMENTO YURA PRO (HE) 42.5KG | C11: 14053 | D11: 600.268 | E11: =+D11/$D$4 -> 0.07742746 | H11: =+SUM(H4:H10) -> 49321 | I11: =+SUM(I4:I10) -> 22290.882 | J11: =+I11/H11 -> 0.45195519
B12: CEM.PORTL.IP(GRADO CORRIENTE)X25KG CHILE | E12: =+D12/$D$4 -> 0
B13: CEMENTO BLANCO PINGÜINO/ESLINGAX72UND25K | E13: =+D13/$D$4 -> 0 | H13: 2024 | I13: 2025
B14: CEM. PORT. I BBx1.5TM INC.ENV YURA | E14: =+D14/$D$4 -> 0 | G14: ENERO | H14: 204007.8 | I14: 190629.13 | J14: =+I14/H14 -> 0.93442077
B15: CEMENTO YURA PRO (HE) BBx1.5TM INC.ENV | C15: 410 | D15: 619.57 | E15: =+D15/$D$4 -> 0.07991719 | G15: FEBRERO | H15: 186305.94 | I15: 182874.29 | J15: =+I15/H15 -> 0.98158052
B16: CEM ALT REST IN HE BB1.5TM YURA ENV CHIL | C16: 362 | D16: 546.36 | E16: =+D16/$D$4 -> 0.070473967 | G16: MARZO | H16: 199570.19 | I16: 197224.22 | J16: =+I16/H16 -> 0.98824488
B17: CEM. PORT. I BBx1.5TM INC.ENV YURA | C17: 43 | D17: 65.07 | E17: =+D17/$D$4 -> 0.0083932591 | G17: ABRIL | H17: 205343.73 | I17: 198970.76 | J17: =+I17/H17 -> 0.96896438
B18: CEM. PORT. PUZ. IP BBx1.5TM INC.ENV YURA | C18: 43 | D18: 64.96 | E18: =+D18/$D$4 -> 0.0083790704 | G18: MAYO | H18: 209473.77 | I18: 212393.17 | J18: =+I18/H18 -> 1.0139368
B19: CEM.YURA ANTISALITRE MS BBx1.5TM INC.ENV | C19: 24 | D19: 36.29 | E19: =+D19/$D$4 -> 0.0046809801 | H19: =+SUM(H14:H18) -> 1004701.4 | I19: =+SUM(I14:I18) -> 982091.56 | J19: =+I19/H19 -> 0.97749593
B20: CEMENTO YURA MAX BBx1.5TM INC.ENV | C20: 223 | D20: 336.36 | E20: =+D20/$D$4 -> 0.043386455 | I20: =+I19-H19 -> -22609.876
B21: CEMENTO BLANCO A GRANEL EN BBx1.5 YURA | E21: =+D21/$D$4 -> 0
B22: CEMENTO YURA PRO (HE) GRANEL EN BOMBONA | D22: 547.74 | E22: =+D22/$D$4 -> 0.070651971
B23: CEMENTO YURA IP A GRANEL EN BOMBONA | D23: 91.5 | E23: =+D23/$D$4 -> 0.011802416
B24: CEMENTO YURA MAX GRANEL BOMBONA | D24: 92.46 | E24: =+D24/$D$4 -> 0.011926245
B25: DESPACHO T.M. DEL DIA | D25: =SUM(D5:D24) -> 7752.65
B26: ACUMULADO MES | D26: 125368.64 | E26: =+D26/E2 -> 0.61277989
D27: =+(E2/30)*18 -> 122754 | E27: =+D27/E2 -> 0.6
D28: =+D26-D27 -> 2614.637 | E28: =+E26-E27 -> 0.012779887
B30: TEMPORALES | D30: Capacidad ™ | E30: % | I30: TM
B31: TEMPORAL 1 | C31: 471 | D31: 2142 | E31: =+C31/D31 -> 0.21988796 | G31: CB 25 Kg. | H31: 8358 | I31: 208.95
B32: TEMPORAL 2 | C32: 950 | D32: 1890 | E32: =+C32/D32 -> 0.5026455 | G32: CB 25 Kg. PINGÜINO | H32: 6 | I32: 0.15
B33: MISTI | C33: 458 | D33: 3006 | E33: =+C33/D33 -> 0.15236194 | G33: CB BIGBAG x 1.5TM | H33: 53 | I33: 79.5
C34: =+SUM(C31:C33) -> 1879 | D34: =+SUM(D31:D33) -> 7038 | E34: =+C34/D34 -> 0.26697926 | G34: filler | H34: 22 | I34: 33
G35: SCM | H35: 116 | I35: 174
B36: CARROS | G36: CEM MICROFISURAS | H36: 23 | I36: 34.5
B37: PLAYA | C37: LLAMADO | D37: PROCESO DE C | E37: TOTAL | G37: CARBONATO 1.5 | H37: 73 | I37: 193.5 | J37: 56 BB de calidad
B38: 26 | C38: 7 | D38: 20 | E38: =+SUM(B38:D38) -> 53
E39: RENDIMIENTO | G39: SCM: lote 1 | H39: 30
F40: Operativos | G40: lote 2 | H40: 11
A41: H1 | B41: 0 | C41: 2243 | D41: 2400 | E41: =+C41/D41 -> 0.93458333 | F41: 7 | G41: lote 3 | H41: 53
A42: H2 | B42: 7 | C42: 2478 | D42: 3600 | E42: =+C42/D42 -> 0.68833333 | F42: 12
A43: H3 | B43: 10 | C43: 2929 | D43: 3600 | E43: =+C43/D43 -> 0.81361111 | F43: 12
A44: H4 | B44: 12.8 | C44: 2847 | D44: 3900 | E44: =+C44/D44 -> 0.73 | F44: 11
A45: H5 | B45: 12.86 | C45: 2751 | D45: 3900 | E45: =+C45/D45 -> 0.70538462 | F45: 12
A46: V | B46: 0 | C46: 0 | D46: 4300 | E46: =+C46/D46 -> 0 | F46: 16
C47: COMPUERTA | D47: HR
B48: SILO 8 | C48: 4
C49: 5 | D49: 8
C50: 6 | D50: 10
C51: 8

Sheet 19.06
B1: 45827 | E1: ME JUNIO
E2: 204590
B3: DESPACHO DEL DÍA POR TIPO DE CEMENTO | H3: PLAN | I3: REAL | J3: %
D4: =D25 -> 7966.551 | F4: LUNES | G4: 45824 | H4: 6956 | I4: 6975.13 | J4: =+I4/H4 -> 1.0027501
B5: CEM. FRONTERA GU X 42.5 KG | C5: 5352 | D5: 228.054 | E5: =+D5/$D$4 -> 0.028626441 | F5: MARTES | G5: 45825 | H5: 8342 | I5: 7563.102 | J5: =+I5/H5 -> 0.90662935
B6: CEMENTO FRONTERA IP x 42.5 KG | C6: 22194 | D6: 947.182 | E6: =+D6/$D$4 -> 0.11889486 | F6: MIÉRCOLES | G6: 45826 | H6: 8167 | I6: 7752.65 | J6: =+I6/H6 -> 0.94926534
B7: CEMENTO HS+R X 42.5 KG RUMI | C7: 18603 | D7: 793.782 | E7: =+D7/$D$4 -> 0.099639355 | F7: JUEVES | G7: 45827 | H7: 8377 | I7: 7966.551 | J7: =+I7/H7 -> 0.95100286
B8: CEMENTO PORTLAND TIPO I X 42.5 KG YURA | C8: 2480 | D8: 105.76 | E8: =+D8/$D$4 -> 0.013275507 | F8: VIERNES | G8: 45828 | H8: 7647 | J8: =+I8/H8 -> 0
B9: CEMENTO YURA ANTISALITRE (MS) X 42.5 KG | C9: 34733 | D9: 1480.02 | E9: =+D9/$D$4 -> 0.18577927 | F9: SÁBADO | G9: 45829 | H9: 6514 | J9: =+I9/H9 -> 0
B10: CEMENTO YURA MAX (HS) X 42.5KG | C10: 45056 | D10: 1922.288 | E10: =+D10/$D$4 -> 0.24129488 | F10: DOMINGO | G10: 45830 | H10: 3318 | J10: =+I10/H10 -> 0
B11: CEMENTO YURA PRO (HE) 42.5KG | C11: 7694 | D11: 328.49 | E11: =+D11/$D$4 -> 0.041233653 | H11: =+SUM(H4:H10) -> 49321 | I11: =+SUM(I4:I10) -> 30257.433 | J11: =+I11/H11 -> 0.61347971
B12: CEM.PORTL.IP(GRADO CORRIENTE)X25KG CHILE | E12: =+D12/$D$4 -> 0
B13: CEMENTO BLANCO X 25 KG YURA NACIONAL | C13: 301 | D13: 7.565 | E13: =+D13/$D$4 -> 0.00094959538 | H13: 2024 | I13: 2025
B14: CEM. PORT. I BBx1.5TM INC.ENV YURA | E14: =+D14/$D$4 -> 0 | G14: ENERO | H14: 204007.8 | I14: 190629.13 | J14: =+I14/H14 -> 0.93442077
B15: CEMENTO YURA PRO (HE) BBx1.5TM INC.ENV | C15: 410 | D15: 619.41 | E15: =+D15/$D$4 -> 0.077751338 | G15: FEBRERO | H15: 186305.94 | I15: 182874.29 | J15: =+I15/H15 -> 0.98158052
B16: CEM ALT REST IN HE BB1.5TM YURA ENV CHIL | C16: 338 | D16: 510.54 | E16: =+D16/$D$4 -> 0.064085449 | G16: MARZO | H16: 199570.19 | I16: 197224.22 | J16: =+I16/H16 -> 0.98824488
B17: CEM. PORT. I BBx1.5TM INC.ENV YURA | C17: 20 | D17: 30.35 | E17: =+D17/$D$4 -> 0.0038096787 | G17: ABRIL | H17: 205343.73 | I17: 198970.76 | J17: =+I17/H17 -> 0.96896438
B18: CEM. PORT. PUZ. IP BBx1.5TM INC.ENV YURA | C18: 44 | D18: 66.34 | E18: =+D18/$D$4 -> 0.0083273176 | G18: MAYO | H18: 209473.77 | I18: 212393.17 | J18: =+I18/H18 -> 1.0139368
B19: CEM.YURA ANTISALITRE MS BBx1.5TM INC.ENV | C19: 23 | D19: 34.63 | E19: =+D19/$D$4 -> 0.004346925 | G19: JUNIO | J19: =+I20/H20 -> 0.97749593
B20: CEMENTO YURA MAX BBx1.5TM INC.ENV | C20: 86 | D20: 129.72 | E20: =+D20/$D$4 -> 0.016283082 | H20: =+SUM(H14:H18) -> 1004701.4 | I20: =+SUM(I14:I18) -> 982091.56
B21: CEMENTO BLANCO A GRANEL EN BBx1.5 YURA | D21: 30.18 | E21: =+D21/$D$4 -> 0.0037883395 | I21: =+I20-H20 -> -22609.876
B22: CEMENTO YURA PRO (HE) GRANEL EN BOMBONA | D22: 550.12 | E22: =+D22/$D$4 -> 0.069053722
B23: CEMENTO YURA IP A GRANEL EN BOMBONA | D23: 122.91 | E23: =+D23/$D$4 -> 0.015428257
B24: CEMENTO YURA MAX GRANEL BOMBONA | D24: 59.21 | E24: =+D24/$D$4 -> 0.0074323255
B25: DESPACHO T.M. DEL DIA | D25: =SUM(D5:D24) -> 7966.551
B26: ACUMULADO MES | D26: 133335.19 | E26: =+D26/E2 -> 0.65171899
D27: =+(E2/30)*19 -> 129573.67 | E27: =+D27/E2 -> 0.63333333
D28: =+D26-D27 -> 3761.5213 | E28: =+E26-E27 -> 0.018385656
B30: TEMPORALES | D30: Capacidad ™ | E30: % | I30: TM
B31: TEMPORAL 1 | C31: 471 | D31: 2142 | E31: =+C31/D31 -> 0.21988796 | G31: CB 25 Kg. | H31: 8421 | I31: 210.525
B32: TEMPORAL 2 | C32: 1317 | D32: 1890 | E32: =+C32/D32 -> 0.6968254 | G32: CB 25 Kg. PINGÜINO | H32: 6 | I32: 0.15
B33: MISTI | C33: 447 | D33: 3006 | E33: =+C33/D33 -> 0.14870259 | G33: CB BIGBAG x 1.5TM | H33: 65 | I33: 97.5
C34: =+SUM(C31:C33) -> 2235 | D34: =+SUM(D31:D33) -> 7038 | E34: =+C34/D34 -> 0.31756181 | G34: filler | H34: 29 | I34: 43.5
G35: SCM | H35: 95 | I35: 142.5
B36: CARROS | G36: CEM MICROFISURAS | H36: 22 | I36: 33
B37: PLAYA | C37: LLAMADO | D37: PROCESO DE C | E37: TOTAL | G37: CARBONATO 1.5 | H37: 206 | I37: =+H37*1.5 -> 309 | J37: 56 BB de calidad
B38: 18 | C38: 3 | D38: 27 | E38: =+SUM(B38:D38) -> 48
E39: RENDIMIENTO | G39: SCM: lote 1 | H39: 30
F40: Operativos | G40: lote 2 | H40: 12
A41: H1 | B41: 0 | C41: 2243 | D41: 2400 | E41: =+C41/D41 -> 0.93458333 | F41: 7 | G41: lote 3 | H41: 53
A42: H2 | B42: 5.39 | C42: 2424 | D42: 3600 | E42: =+C42/D42 -> 0.67333333 | F42: 12
A43: H3 | B43: 13.71 | C43: 3009 | D43: 3600 | E43: =+C43/D43 -> 0.83583333 | F43: 12 | G43: CARBONATO (BIG BAG)
A44: H4 | B44: 14.28 | C44: 3000 | D44: 3900 | E44: =+C44/D44 -> 0.76923077 | F44: 11 | G44: 45811 | H44: 73
A45: H5 | B45: 13.36 | C45: 2537 | D45: 3900 | E45: =+C45/D45 -> 0.65051282 | F45: 12 | G45: 45826 | H45: 29 | I45: =+SUM(H45:H47) -> 133
A46: V | B46: 2.26 | C46: =5267/B46 -> 2330.531 | D46: 4300 | E46: =+C46/D46 -> 0.54198395 | F46: 16 | G46: 45826 | H46: 72 | K46: =+I45*1.5 -> 199.5
C47: COMPUERTA | D47: HR | G47: 45827 | H47: 32
B48: SILO 8 | C48: 4 | I48: FALTA
C49: 5 | D49: 9 | G49: META | H49: 260 | I49: =+H49-I45 -> 127 | K49: =+I49*1.5 -> 190.5
C50: 6 | D50: 9
C51: 8

Sheet 22.06
B1: 45830 | E1: ME JUNIO
E2: 204590
B3: DESPACHO DEL DÍA POR TIPO DE CEMENTO | H3: PLAN | I3: REAL | J3: %
D4: =D25 -> 4328.584 | F4: LUNES | G4: 45824 | H4: 6956 | I4: 6975.13 | J4: =+I4/H4 -> 1.0027501
B5: CEM. FRONTERA GU X 42.5 KG | C5: 717 | D5: 30.62 | E5: =+D5/$D$4 -> 0.0070739068 | F5: MARTES | G5: 45825 | H5: 8342 | I5: 7563.102 | J5: =+I5/H5 -> 0.90662935
B6: CEMENTO FRONTERA IP x 42.5 KG | C6: 12443 | D6: 531.054 | E6: =+D6/$D$4 -> 0.12268539 | F6: MIÉRCOLES | G6: 45826 | H6: 8167 | I6: 7752.65 | J6: =+I6/H6 -> 0.94926534
B7: CEMENTO HS+R X 42.5 KG RUMI | C7: 9154 | D7: 391.04 | E7: =+D7/$D$4 -> 0.090339012 | F7: JUEVES | G7: 45827 | H7: 8377 | I7: 7966.551 | J7: =+I7/H7 -> 0.95100286
B8: CEMENTO PORTLAND TIPO I X 42.5 KG YURA | C8: 6976 | D8: 297.37 | E8: =+D8/$D$4 -> 0.06869914 | F8: VIERNES | G8: 45828 | H8: 7647 | I8: 7914.11 | J8: =+I8/H8 -> 1.03493
B9: CEMENTO YURA ANTISALITRE (MS) X 42.5 KG | C9: 13884 | D9: 593.196 | E9: =+D9/$D$4 -> 0.13704158 | F9: SÁBADO | G9: 45829 | H9: 6514 | I9: 5434.35 | J9: =+I9/H9 -> 0.83425698
B10: CEMENTO YURA MAX (HS) X 42.5KG | C10: 16532 | D10: 705.874 | E10: =+D10/$D$4 -> 0.16307273 | F10: DOMINGO | G10: 45830 | H10: 3318 | I10: 4328.584 | J10: =+I10/H10 -> 1.3045763
B11: CEMENTO YURA PRO (HE) 42.5KG | C11: 9113 | D11: 388.92 | E11: =+D11/$D$4 -> 0.089849244 | H11: =+SUM(H4:H10) -> 49321 | I11: =+SUM(I4:I10) -> 47934.477 | J11: =+I11/H11 -> 0.97188778
B12: CEM.PORTL.IP(GRADO CORRIENTE)X25KG CHILE | E12: =+D12/$D$4 -> 0
B13: CEMENTO PORT. PUZ. IP X 25 KG YURA | C13: 1224 | D13: 30.83 | E13: =+D13/$D$4 -> 0.0071224216 | H13: 2024 | I13: 2025
B14: CEM ALT REST IN HE BB1.5TM YURA ENV CHIL | C14: 224 | D14: 338.9 | E14: =+D14/$D$4 -> 0.078293502 | G14: ENERO | H14: 204007.8 | I14: 190629.13 | J14: =+I14/H14 -> 0.93442077
B15: CEM. PORT. I BBx1.5TM INC.ENV YURA | C15: 22 | D15: 33.26 | E15: =+D15/$D$4 -> 0.0076838061 | G15: FEBRERO | H15: 186305.94 | I15: 182874.29 | J15: =+I15/H15 -> 0.98158052
B16: CEM. PORT. PUZ. IP BBx1.5TM INC.ENV YURA | C16: 40 | D16: 60.28 | E16: =+D16/$D$4 -> 0.013926032 | G16: MARZO | H16: 199570.19 | I16: 197224.22 | J16: =+I16/H16 -> 0.98824488
B17: CEMENTO YURA MAX BBx1.5TM INC.ENV | C17: 82 | D17: 123.5 | E17: =+D17/$D$4 -> 0.02853127 | G17: ABRIL | H17: 205343.73 | I17: 198970.76 | J17: =+I17/H17 -> 0.96896438
B18: CEMENTO YURA PRO (HE) BBx1.5TM INC.ENV | C18: 171 | D18: 258.79 | E18: =+D18/$D$4 -> 0.059786295 | G18: MAYO | H18: 209473.77 | I18: 212393.17 | J18: =+I18/H18 -> 1.0139368
B19: FILLER INDUSTRIAL BB1.5TM | C19: 21 | D19: 31.67 | E19: =+D19/$D$4 -> 0.0073164804 | G19: JUNIO
B20: CEMENTO YURA MAX BBx1.5TM INC.ENV | E20: =+D20/$D$4 -> 0 | H20: =+SUM(H14:H18) -> 1004701.4 | I20: =+SUM(I14:I18) -> 982091.56 | J20: =+I20/H20 -> 0.97749593
B21: CEMENTO BLANCO A GRANEL EN BBx1.5 YURA | E21: =+D21/$D$4 -> 0 | I21: =+I20-H20 -> -22609.876
B22: CEMENTO YURA IP A GRANEL EN BOMBONA | D22: 149.48 | E22: =+D22/$D$4 -> 0.034533233
B23: CEMENTO YURA MAX GRANEL BOMBONA | D23: 31.7 | E23: =+D23/$D$4 -> 0.0073234111
B24: CEMENTO YURA PRO (HE) GRANEL EN BOMBONA | D24: 332.1 | E24: =+D24/$D$4 -> 0.076722549
B25: DESPACHO T.M. DEL DIA | D25: =SUM(D5:D24) -> 4328.584
B26: ACUMULADO MES | D26: 151048.49 | E26: =+D26/E2 -> 0.73829849
D27: =+(E2/30)*22 -> 150032.67 | E27: =+D27/E2 -> 0.73333333
D28: =+D26-D27 -> 1015.8223 | E28: =+E26-E27 -> 0.0049651612
B30: TEMPORALES | D30: Capacidad ™ | E30: % | I30: TM
B31: TEMPORAL 1 | C31: 932 | D31: 2142 | E31: =+C31/D31 -> 0.43510738 | G31: CB 25 Kg. | H31: 8421 | I31: 210.525
B32: TEMPORAL 2 | C32: 1364 | D32: 1890 | E32: =+C32/D32 -> 0.72169312 | G32: CB 25 Kg. PINGÜINO | H32: 6 | I32: 0.15
B33: MISTI | C33: 2338 | D33: 3006 | E33: =+C33/D33 -> 0.77777778 | G33: CB BIGBAG x 1.5TM | H33: 47 | I33: 70.5
C34: =+SUM(C31:C33) -> 4634 | D34: =+SUM(D31:D33) -> 7038 | E34: =+C34/D34 -> 0.65842569 | G34: filler | H34: 248 | I34: 372
G35: SCM | H35: 95 | I35: 142.5
B36: CARROS | G36: CEM MICROFISURAS | H36: 22 | I36: 33
B37: PLAYA | C37: LLAMADO | D37: PROCESO DE C | E37: TOTAL | G37: CARBONATO 1.5 | H37: 244 | I37: =+H37*1.5 -> 366 | J37: 56 BB de calidad
B38: 9 | C38: 0 | D38: 1 | E38: =+SUM(B38:D38) -> 10
E39: RENDIMIENTO | G39: SCM: lote 1 | H39: 30
F40: Operativos | G40: lote 2 | H40: 12
A41: H1 | B41: 0 | C41: 2243 | D41: 2400 | E41: =+C41/D41 -> 0.93458333 | F41: 7 | G41: lote 3 | H41: 53
A42: H2 | B42: 6.73 | C42: 2204 | D42: 3600 | E42: =+C42/D42 -> 0.61222222 | F42: 12
A43: H3 | B43: 6.19 | C43: 2890 | D43: 3600 | E43: =+C43/D43 -> 0.80277778 | F43: 12 | G43: CARBONATO (BIG BAG)
A44: H4 | B44: 6.09 | C44: 2432 | D44: 3900 | E44: =+C44/D44 -> 0.62358974 | F44: 10 | G44: 45811 | H44: 73
A45: H5 | B45: 10.45 | C45: 2443 | D45: 3900 | E45: =+C45/D45 -> 0.62641026 | F45: 12 | G45: 45826 | H45: 29 | I45: =+SUM(H45:H47) -> 133
A46: V | B46: 4.25 | C46: =12622/B46 -> 2969.8824 | D46: 4300 | E46: =+C46/D46 -> 0.69067031 | F46: 16 | G46: 45826 | H46: 72 | J46: =+I45*1.5 -> 199.5
C47: COMPUERTA | D47: HR | G47: 45827 | H47: 32
B48: SILO 8 | C48: 4 | G48: 45828 | H48: 6 | I48: =+SUM(H48:H50) -> 38
C49: 5 | D49: 5 | G49: 45829 | H49: 12 | J49: =+I48*1.5 -> 57
C50: 6 | D50: 6 | G50: 45830 | H50: 20
C51: 8 | I51: =+I45+I48 -> 171 | J51: =+J49+J46 -> 256.5
I52: FALTA
G53: META | H53: 260 | I53: =+H53-I45+I48 -> 165

Sheet 23.06
B1: 45831 | E1: ME JUNIO
E2: 204590
B3: DESPACHO DEL DÍA POR TIPO DE CEMENTO | H3: PLAN | I3: REAL | J3: %
D4: =D25 -> 6157.872 | F4: LUNES | G4: 45831 | H4: 7024 | I4: 6157.872 | J4: =+I4/H4 -> 0.87669021
B5: CEM. FRONTERA GU X 42.5 KG | C5: 3870 | D5: 164.998 | E5: =+D5/$D$4 -> 0.026794646 | F5: MARTES | G5: 45832 | H5: 8158 | J5: =+I5/H5 -> 0
B6: CEMENTO BLANCO X 25 KG YURA NACIONAL | C6: 2400 | D6: 60.72 | E6: =+D6/$D$4 -> 0.0098605492 | F6: MIÉRCOLES | G6: 45833 | H6: 8013 | J6: =+I6/H6 -> 0
B7: CEMENTO FRONTERA IP x 42.5 KG | C7: 15894 | D7: 678.716 | E7: =+D7/$D$4 -> 0.11021924 | F7: JUEVES | G7: 45834 | H7: 8289 | J7: =+I7/H7 -> 0
B8: CEMENTO HS+R X 42.5 KG RUMI | C8: 11562 | D8: 493.42 | E8: =+D8/$D$4 -> 0.08012833 | F8: VIERNES | G8: 45835 | H8: 7748 | J8: =+I8/H8 -> 0
B9: CEMENTO YURA ANTISALITRE (MS) X 42.5 KG | C9: 20214 | D9: 863.734 | E9: =+D9/$D$4 -> 0.14026501 | F9: SÁBADO | G9: 45836 | H9: 5954 | J9: =+I9/H9 -> 0
B10: CEMENTO YURA MAX (HS) X 42.5KG | C10: 39124 | D10: 1668.766 | E10: =+D10/$D$4 -> 0.27099719 | F10: DOMINGO | G10: 45837 | H10: 3370 | J10: =+I10/H10 -> 0
B11: CEMENTO YURA PRO (HE) 42.5KG | C11: 8548 | D11: 365.008 | E11: =+D11/$D$4 -> 0.059275022 | H11: =+SUM(H4:H10) -> 48556 | I11: =+SUM(I4:I10) -> 6157.872 | J11: =+I11/H11 -> 0.12682
B12: CEMENTO PORT. PUZ. IP X 25 KG YURA | C12: 4 | D12: 0.1 | E12: =+D12/$D$4 -> 1.6239376e-05
B13: CEM ALT REST IN HE BB1.5TM YURA ENV CHIL | C13: 312 | D13: 471.71 | E13: =+D13/$D$4 -> 0.076602761 | H13: 2024 | I13: 2025
B14: CEM. PORT. PUZ. IP BBx1.5TM INC.ENV YURA | C14: 105 | D14: 158.03 | E14: =+D14/$D$4 -> 0.025663086 | G14: ENERO | H14: 204007.8 | I14: 190629.13 | J14: =+I14/H14 -> 0.93442077
B15: CEMENTO YURA MAX BBx1.5TM INC.ENV | C15: 167 | D15: 251.26 | E15: =+D15/$D$4 -> 0.040803057 | G15: FEBRERO | H15: 186305.94 | I15: 182874.29 | J15: =+I15/H15 -> 0.98158052
B16: CEMENTO YURA PRO (HE) BBx1.5TM INC.ENV | C16: 326 | D16: 492.83 | E16: =+D16/$D$4 -> 0.080032518 | G16: MARZO | H16: 199570.19 | I16: 197224.22 | J16: =+I16/H16 -> 0.98824488
B17: CEMENTO YURA MAX BBx1.5TM INC.ENV | E17: =+D17/$D$4 -> 0 | G17: ABRIL | H17: 205343.73 | I17: 198970.76 | J17: =+I17/H17 -> 0.96896438
B18: CEMENTO YURA PRO (HE) BBx1.5TM INC.ENV | E18: =+D18/$D$4 -> 0 | G18: MAYO | H18: 209473.77 | I18: 212393.17 | J18: =+I18/H18 -> 1.0139368
B19: FILLER INDUSTRIAL BB1.5TM | E19: =+D19/$D$4 -> 0 | G19: JUNIO
B20: CEMENTO YURA MAX BBx1.5TM INC.ENV | E20: =+D20/$D$4 -> 0 | H20: =+SUM(H14:H18) -> 1004701.4 | I20: =+SUM(I14:I18) -> 982091.56 | J20: =+I20/H20 -> 0.97749593
B21: CEMENTO BLANCO A GRANEL EN BBx1.5 YURA | E21: =+D21/$D$4 -> 0 | I21: =+I20-H20 -> -22609.876
B22: CEMENTO YURA MAX GRANEL BOMBONA | D22: 93.86 | E22: =+D22/$D$4 -> 0.015242279
B23: CEMENTO YURA IP A GRANEL EN BOMBONA | D23: 155.29 | E23: =+D23/$D$4 -> 0.025218127
B24: CEMENTO YURA PRO (HE) GRANEL EN BOMBONA | D24: 239.43 | E24: =+D24/$D$4 -> 0.038881938
B25: DESPACHO T.M. DEL DIA | D25: =SUM(D5:D24) -> 6157.872
B26: ACUMULADO MES | D26: 157206.36 | E26: =+D26/E2 -> 0.76839709
D27: =+(E2/30)*23 -> 156852.33 | E27: =+D27/E2 -> 0.76666667
D28: =+D26-D27 -> 354.02767 | E28: =+E26-E27 -> 0.0017304251
B30: TEMPORALES | D30: Capacidad ™ | E30: % | I30: TM
B31: TEMPORAL 1 | C31: 743 | D31: 2142 | E31: =+C31/D31 -> 0.34687208 | G31: CB 25 Kg. | H31: 6010 | I31: 150.25
B32: TEMPORAL 2 | C32: 1385 | D32: 1890 | E32: =+C32/D32 -> 0.73280423 | G32: CB 25 Kg. PINGÜINO | H32: 6 | I32: 0.15
B33: MISTI | C33: 1136 | D33: 3006 | E33: =+C33/D33 -> 0.37791084 | G33: CB BIGBAG x 1.5TM | H33: 52 | I33: 78 | J33: 45831 | K33: 50
C34: =+SUM(C31:C33) -> 3264 | D34: =+SUM(D31:D33) -> 7038 | E34: =+C34/D34 -> 0.46376812 | G34: filler | H34: 248 | I34: 372
G35: SCM | H35: 95 | I35: 142.5
B36: CARROS | G36: CEM MICROFISURAS | H36: 22 | I36: 33
B37: PLAYA | C37: LLAMADO | D37: PROCESO DE C | E37: TOTAL | G37: CARBONATO 1.5 | H37: 244 | I37: =+H37*1.5 -> 366 | J37: 56 BB de calidad
B38: 28 | C38: 6 | D38: 12 | E38: =+SUM(B38:D38) -> 46
E39: RENDIMIENTO | G39: SCM: lote 1 | H39: 30
F40: Operativos | G40: lote 2 | H40: 12
A41: H1 | B41: 0 | C41: 2243 | D41: 2400 | E41: =+C41/D41 -> 0.93458333 | F41: 7 | G41: lote 3 | H41: 53
A42: H2 | B42: 4.28 | C42: 2168 | D42: 3600 | E42: =+C42/D42 -> 0.60222222 | F42: 12
A43: H3 | B43: 5.79 | C43: 2749 | D43: 3600 | E43: =+C43/D43 -> 0.76361111 | F43: 12 | G43: CARBONATO (BIG BAG)
A44: H4 | B44: 12.45 | C44: 2838 | D44: 3900 | E44: =+C44/D44 -> 0.72769231 | F44: 10 | G44: 45811 | H44: 73
A45: H5 | B45: 3.37 | C45: 1404 | D45: 3900 | E45: =+C45/D45 -> 0.36 | F45: 12 | G45: 45826 | H45: 29 | I45: =+SUM(H45:H47) -> 133
A46: V | B46: 4.19 | C46: =13611/B46 -> 3248.4487 | D46: 4300 | E46: =+C46/D46 -> 0.75545318 | F46: 16 | G46: 45826 | H46: 72 | J46: =+I45*1.5 -> 199.5
C47: COMPUERTA | D47: HR | G47: 45827 | H47: 32
B48: SILO 8 | C48: 4 | G48: 45828 | H48: 6 | I48: =+SUM(H48:H50) -> 38
C49: 5 | D49: 2 | G49: 45829 | H49: 12 | J49: =+I48*1.5 -> 57
C50: 6 | D50: 2 | G50: 45830 | H50: 20
C51: 8 | I51: =+I45+I48 -> 171 | J51: =+J49+J46 -> 256.5

Sheet 24.06
B1: 45832 | E1: ME JUNIO
E2: 204590
B3: DESPACHO DEL DÍA POR TIPO DE CEMENTO | H3: PLAN | I3: REAL | J3: %
D4: =D25 -> 8534.053 | F4: LUNES | G4: 45831 | H4: 7024 | I4: 6157.872 | J4: =+I4/H4 -> 0.87669021
B5: CEM. FRONTERA GU X 42.5 KG | C5: 2360 | D5: 100.71 | E5: =+D5/$D$4 -> 0.011800958 | F5: MARTES | G5: 45832 | H5: 8158 | I5: 8534.053 | J5: =+I5/H5 -> 1.0460962
B6: CEMENTO FRONTERA IP x 42.5 KG | C6: 11645 | D6: 497.46 | E6: =+D6/$D$4 -> 0.058291178 | F6: MIÉRCOLES | G6: 45833 | H6: 8013 | J6: =+I6/H6 -> 0
B7: CEMENTO HS+R X 42.5 KG RUMI | C7: 24743 | D7: 1054.809 | E7: =+D7/$D$4 -> 0.12360001 | F7: JUEVES | G7: 45834 | H7: 8289 | J7: =+I7/H7 -> 0
B8: CEMENTO PORTLAND TIPO I X 42.5 KG YURA | C8: 2420 | D8: 103.17 | E8: =+D8/$D$4 -> 0.012089215 | F8: VIERNES | G8: 45835 | H8: 7748 | J8: =+I8/H8 -> 0
B9: CEMENTO YURA ANTISALITRE (MS) X 42.5 KG | C9: 35900 | D9: 1533.36 | E9: =+D9/$D$4 -> 0.17967547 | F9: SÁBADO | G9: 45836 | H9: 5954 | J9: =+I9/H9 -> 0
B10: CEMENTO YURA MAX (HS) X 42.5KG | C10: 51412 | D10: 2194.892 | E10: =+D10/$D$4 -> 0.25719222 | F10: DOMINGO | G10: 45837 | H10: 3370 | J10: =+I10/H10 -> 0
B11: CEMENTO YURA PRO (HE) 42.5KG | C11: 13314 | D11: 568.662 | E11: =+D11/$D$4 -> 0.066634458 | H11: =+SUM(H4:H5) -> 15182 | I11: =+SUM(I4:I10) -> 14691.925 | J11: =+I11/H11 -> 0.96772
B12: CEMENTO PORT. PUZ. IP X 25 KG YURA | E12: =+D12/$D$4 -> 0
B13: CEMENTO YURA PRO (HE) BBx1.5TM INC.ENV | C13: 508 | D13: 769.52 | E13: =+D13/$D$4 -> 0.09017052 | H13: 2024 | I13: 2025
B14: CEMENTO YURA MAX BBx1.5TM INC.ENV | C14: 246 | D14: 370.8 | E14: =+D14/$D$4 -> 0.043449461 | G14: ENERO | H14: 204007.8 | I14: 190629.13 | J14: =+I14/H14 -> 0.93442077
B15: CEM ALT REST IN HE BB1.5TM YURA ENV CHIL | C15: 23 | D15: 34.74 | E15: =+D15/$D$4 -> 0.0040707504 | G15: FEBRERO | H15: 186305.94 | I15: 182874.29 | J15: =+I15/H15 -> 0.98158052
B16: CEM. PORT. I BBx1.5TM INC.ENV YURA | C16: 44 | D16: 66.72 | E16: =+D16/$D$4 -> 0.0078180907 | G16: MARZO | H16: 199570.19 | I16: 197224.22 | J16: =+I16/H16 -> 0.98824488
B17: CEM. PORT. PUZ. IP BBx1.5TM INC.ENV YURA | C17: 21 | D17: 31.73 | E17: =+D17/$D$4 -> 0.0037180458 | G17: ABRIL | H17: 205343.73 | I17: 198970.76 | J17: =+I17/H17 -> 0.96896438
B18: CEM.ANTISALITRE HS BBx1.5TM INC.ENV YURA | C18: 150 | D18: 226.89 | E18: =+D18/$D$4 -> 0.02658643 | G18: MAYO | H18: 209473.77 | I18: 212393.17 | J18: =+I18/H18 -> 1.0139368
B19: FILLER INDUSTRIAL BB1.5TM | C19: 23 | D19: 34.75 | E19: =+D19/$D$4 -> 0.0040719222 | G19: JUNIO
B20: CEMENTO BLANCO A GRANEL EN BBx1.5 YURA | C20: 20 | D20: 30.28 | E20: =+D20/$D$4 -> 0.0035481383 | H20: =+SUM(H14:H18) -> 1004701.4 | I20: =+SUM(I14:I18) -> 982091.56 | J20: =+I20/H20 -> 0.97749593
B21: CEMENTO BLANCO A GRANEL EN BBx1.5 YURA | E21: =+D21/$D$4 -> 0 | I21: =+I20-H20 -> -22609.876
B22: CEMENTO YURA IP A GRANEL EN BOMBONA | D22: 187.04 | E22: =+D22/$D$4 -> 0.021916902
B23: CEMENTO YURA MAX GRANEL BOMBONA | D23: 61.84 | E23: =+D23/$D$4 -> 0.0072462639
B24: CEMENTO YURA PRO (HE) GRANEL EN BOMBONA | D24: 666.68 | E24: =+D24/$D$4 -> 0.078119974
B25: DESPACHO T.M. DEL DIA | D25: =SUM(D5:D24) -> 8534.053
B26: ACUMULADO MES | D26: 165740.41 | E26: =+D26/E2 -> 0.81011004
D27: =+(E2/30)*24 -> 163672 | E27: =+D27/E2 -> 0.8
D28: =+D26-D27 -> 2068.414 | E28: =+E26-E27 -> 0.010110044
B30: TEMPORALES | D30: Capacidad ™ | E30: % | I30: TM
B31: TEMPORAL 1 | C31: 837 | D31: 2142 | E31: =+C31/D31 -> 0.3907563 | G31: CB 25 Kg. | H31: 8915 | I31: 222.875 | J31: 45832 | K31: 2905
B32: TEMPORAL 2 | C32: 1397 | D32: 1890 | E32: =+C32/D32 -> 0.73915344 | G32: CB 25 Kg. PINGÜINO | H32: 6 | I32: 0.15
B33: MISTI | C33: 1056 | D33: 3006 | E33: =+C33/D33 -> 0.35129741 | G33: CB BIGBAG x 1.5TM | H33: 33 | I33: 49.5 | J33: 45831 | K33: 50
C34: =+SUM(C31:C33) -> 3290 | D34: =+SUM(D31:D33) -> 7038 | E34: =+C34/D34 -> 0.46746235 | G34: filler | H34: 248 | I34: 372
G35: SCM | H35: 95 | I35: 142.5
B36: CARROS | G36: CEM MICROFISURAS | H36: 22 | I36: 33
B37: PLAYA | C37: LLAMADO | D37: PROCESO DE C | E37: TOTAL | G37: CARBONATO 1.5 | H37: 244 | I37: =+H37*1.5 -> 366 | J37: 56 BB de calidad
B38: 15 | C38: 0 | D38: 8 | E38: =+SUM(B38:D38) -> 23
E39: RENDIMIENTO | G39: SCM: lote 1 | H39: 30
F40: Operativos | G40: lote 2 | H40: 12
A41: H1 | B41: 0 | C41: 2243 | D41: 2400 | E41: =+C41/D41 -> 0.93458333 | F41: 7 | G41: lote 3 | H41: 53
A42: H2 | B42: 6.91 | C42: 2164 | D42: 3600 | E42: =+C42/D42 -> 0.60111111 | F42: 12
A43: H3 | B43: 9.55 | C43: 2838 | D43: 3600 | E43: =+C43/D43 -> 0.78833333 | F43: 12 | G43: CARBONATO (BIG BAG)
A44: H4 | B44: 11.81 | C44: 3034 | D44: 3900 | E44: =+C44/D44 -> 0.77794872 | F44: 10 | G44: 45811 | H44: 73
A45: H5 | B45: 12.64 | C45: 2584 | D45: 3900 | E45: =+C45/D45 -> 0.6625641 | F45: 12 | G45: 45826 | H45: 29 | I45: =+SUM(H45:H47) -> 133
A46: V | B46: 7.22 | C46: =23392/B46 -> 3239.8892 | D46: 4300 | E46: =+C46/D46 -> 0.7534626 | F46: 16 | G46: 45826 | H46: 72 | J46: =+I45*1.5 -> 199.5
C47: COMPUERTA | D47: HR | G47: 45827 | H47: 32
B48: SILO 8 | C48: 4 | G48: 45828 | H48: 6 | I48: =+SUM(H48:H50) -> 38
C49: 5 | D49: 6 | G49: 45829 | H49: 12 | J49: =+I48*1.5 -> 57
C50: 6 | D50: 6 | G50: 45830 | H50: 20
C51: 8 | I51: =+I45+I48 -> 171 | J51: =+J49+J46 -> 256.5

Sheet 26.06
B1: 45834 | E1: ME JUNIO
E2: 204590
B3: DESPACHO DEL DÍA POR TIPO DE CEMENTO | H3: PLAN | I3: REAL | J3: %
D4: =D18 -> 7507.682 | F4: LUNES | G4: 45831 | H4: 7024 | I4: 6157.872 | J4: =+I4/H4 -> 0.87669021
B5: CEM. FRONTERA GU X 42.5 KG | C5: 3899 | D5: 166.344 | E5: =+D5/$D$4 -> 0.022156506 | F5: MARTES | G5: 45832 | H5: 8158 | I5: 8534.053 | J5: =+I5/H5 -> 1.0460962
B6: CEMENTO FRONTERA IP x 42.5 KG | C6: 9239 | D6: 394.162 | E6: =+D6/$D$4 -> 0.052501158 | F6: MIÉRCOLES | G6: 45833 | H6: 8013 | I6: 7507.682 | J6: =+I6/H6 -> 0.93693773
B7: CEMENTO HS+R X 42.5 KG RUMI | C7: 20244 | D7: 863.882 | E7: =+D7/$D$4 -> 0.11506641 | F7: JUEVES | G7: 45834 | H7: 8289 | J7: =+I7/H7 -> 0
B8: CEMENTO PORTLAND TIPO I X 42.5 KG YURA | C8: 720 | D8: 30.63 | E8: =+D8/$D$4 -> 0.0040798212 | F8: VIERNES | G8: 45835 | H8: 7748 | J8: =+I8/H8 -> 0
B9: CEMENTO YURA ANTISALITRE (MS) X 42.5 KG | C9: 28670 | D9: 1224.192 | E9: =+D9/$D$4 -> 0.16305858 | F9: SÁBADO | G9: 45836 | H9: 5954 | J9: =+I9/H9 -> 0
B10: CEMENTO YURA MAX (HS) X 42.5KG | C10: 48675 | D10: 2076.968 | E10: =+D10/$D$4 -> 0.27664571 | F10: DOMINGO | G10: 45837 | H10: 3370 | J10: =+I10/H10 -> 0
B11: CEMENTO YURA PRO (HE) 42.5KG | C11: 14960 | D11: 638.044 | E11: =+D11/$D$4 -> 0.084985486 | H11: =+SUM(H4:H6) -> 23195 | I11: =+SUM(I4:I10) -> 22199.607 | J11: =+I11/H11 -> 0.95708588
B12: CEMENTO YURA PRO (HE) BBx1.5TM INC.ENV | C12: 412 | D12: 623.43 | E12: =+D12/$D$4 -> 0.083038946 | H12: 2024 | I12: 2025
B13: CEM ALT REST IN HE BB1.5TM YURA ENV CHIL | C13: 377 | D13: 570.66 | E13: =+D13/$D$4 -> 0.076010145 | G13: ENERO | H13: 204007.8 | I13: 190629.13 | J13: =+I13/H13 -> 0.93442077
B14: CEMENTO YURA MAX BBx1.5TM INC.ENV | C14: 163 | D14: 246.32 | E14: =+D14/$D$4 -> 0.032809061 | G14: FEBRERO | H14: 186305.94 | I14: 182874.29 | J14: =+I14/H14 -> 0.98158052
B15: CEMENTO YURA PRO (HE) GRANEL EN BOMBONA | C15: 428.43 | D15: 428.43 | E15: =+D15/$D$4 -> 0.05706555 | G15: MARZO | H15: 199570.19 | I15: 197224.22 | J15: =+I15/H15 -> 0.98824488
B16: CEMENTO YURA IP A GRANEL EN BOMBONA | C16: 154.16 | D16: 154.16 | E16: =+D16/$D$4 -> 0.020533635 | G16: ABRIL | H16: 205343.73 | I16: 198970.76 | J16: =+I16/H16 -> 0.96896438
B17: CEMENTO YURA MAX GRANEL BOMBONA | C17: 90.46 | D17: 90.46 | E17: =+D17/$D$4 -> 0.012048992 | G17: MAYO | H17: 209473.77 | I17: 212393.17 | J17: =+I17/H17 -> 1.0139368
B18: DESPACHO T.M. DEL DIA | D18: =SUM(D5:D17) -> 7507.682 | G18: JUNIO
B19: ACUMULADO MES | D19: 180086.13 | E19: =+D19/$E$2 -> 0.88022941 | H19: =+SUM(H13:H17) -> 1004701.4 | I19: =+SUM(I13:I17) -> 982091.56 | J19: =+I19/H19 -> 0.97749593 | K19: =+I19-H19 -> -22609.876
D20: =+(E2/30)*26 -> 177311.33 | E20: =+D20/E2 -> 0.86666667
D21: =+D19-D20 -> 2774.8007 | E21: =+E19-E20 -> 0.013562738
B23: TEMPORALES | D23: Capacidad ™ | E23: % | I23: TM
B24: TEMPORAL 1 | C24: 1446 | D24: 2142 | E24: =+C24/D24 -> 0.67507003 | G24: CB 25 Kg. | H24: 7596 | I24: 189.9 | J24: 45832 | K24: 2905
B25: TEMPORAL 2 | C25: 1595 | D25: 1890 | E25: =+C25/D25 -> 0.84391534 | G25: CB 25 Kg. PINGÜINO | H25: 14 | I25: 0.35
B26: MISTI | C26: 1777 | D26: 3006 | E26: =+C26/D26 -> 0.59115103 | G26: CB BIGBAG x 1.5TM | H26: 43 | I26: =+H26*1.5 -> 64.5 | J26: 45831 | K26: 50 | L26: 45834 | M26: 48
C27: =+SUM(C24:C26) -> 4818 | D27: =+SUM(D24:D26) -> 7038 | E27: =+C27/D27 -> 0.68456948 | G27: filler | H27: 225 | I27: 337.5
G28: SCM | H28: 97 | I28: 145.5
B29: CARROS | G29: CEM MICROFISURAS | H29: 22 | I29: 33
B30: PLAYA | C30: LLAMADO | D30: PROCESO DE C | E30: TOTAL | G30: CARBONATO 1.5 | H30: 244 | I30: =+H30*1.5 -> 366 | J30: 56 BB de calidad
B31: 11 | C31: 4 | D31: 18 | E31: =+SUM(B31:D31) -> 33
E32: RENDIMIENTO | G32: SCM: lote 1 | H32: 30
F33: Operativos | G33: lote 2 | H33: 12
A34: H1 | B34: 0 | C34: 2243 | D34: 2400 | E34: =+C34/D34 -> 0.93458333 | F34: 7 | G34: lote 3 | H34: 53
A35: H2 | B35: 8.69 | C35: 2335 | D35: 3600 | E35: =+C35/D35 -> 0.64861111 | F35: 12
A36: H3 | B36: 9.75 | C36: 3114 | D36: 3600 | E36: =+C36/D36 -> 0.865 | F36: 12 | G36: CARBONATO (BIG BAG)
A37: H4 | B37: 11.01 | C37: 3076 | D37: 3900 | E37: =+C37/D37 -> 0.78871795 | F37: 10 | G37: 45811 | H37: 73
A38: H5 | B38: 11.46 | C38: 2373 | D38: 3900 | E38: =+C38/D38 -> 0.60846154 | F38: 12 | G38: 45826 | H38: 29 | I38: =+SUM(H38:H40) -> 133
A39: V | B39: 7.93 | C39: =19039/B39 -> 2400.8827 | D39: 4300 | E39: =+C39/D39 -> 0.55834482 | F39: 16 | G39: 45826 | H39: 72 | J39: =+I38*1.5 -> 199.5
C40: COMPUERTA | D40: HR | G40: 45827 | H40: 32
B41: SILO 8 | C41: 4 | G41: 45828 | H41: 6 | I41: =+SUM(H41:H43) -> 38
C42: 5 | D42: 7 | G42: 45829 | H42: 12 | J42: =+I41*1.5 -> 57
C43: 6 | D43: 7 | G43: 45830 | H43: 20
C44: 8 | I44: =+I38+I41 -> 171 | J44: =+J42+J39 -> 256.5

Sheet 29.06
B1: 45837 | E1: ME JUNIO
E2: 204590
B3: DESPACHO DEL DÍA POR TIPO DE CEMENTO | H3: PLAN | I3: REAL | J3: %
D4: =D26 -> 5016.988 | F4: LUNES | G4: 45831 | H4: 7024 | I4: 6157.872 | J4: =+I4/H4 -> 0.87669021
B5: CEM. FRONTERA GU X 42.5 KG | E5: =+D5/$D$4 -> 0 | F5: MARTES | G5: 45832 | H5: 8158 | I5: 8534.053 | J5: =+I5/H5 -> 1.0460962
B6: CEMENTO FRONTERA IP x 42.5 KG | C6: 16287 | D6: 695.694 | E6: =+D6/$D$4 -> 0.13866766 | F6: MIÉRCOLES | G6: 45833 | H6: 8013 | I6: 6838.03 | J6: =+I6/H6 -> 0.85336703
B7: CEMENTO HS+R X 42.5 KG RUMI | C7: 6435 | D7: 274.85 | E7: =+D7/$D$4 -> 0.054783866 | F7: JUEVES | G7: 45834 | H7: 8289 | I7: 7507.68 | J7: =+I7/H7 -> 0.90574014
B8: CEMENTO PORTLAND TIPO I X 42.5 KG YURA | C8: 6946 | D8: 296.5 | E8: =+D8/$D$4 -> 0.059099205 | F8: VIERNES | G8: 45835 | H8: 7748 | I8: 6824.35 | J8: =+I8/H8 -> 0.88078859
B9: CEMENTO YURA ANTISALITRE (MS) X 42.5 KG | C9: 18828 | D9: 804.748 | E9: =+D9/$D$4 -> 0.16040461 | F9: SÁBADO | G9: 45836 | H9: 5954 | I9: 6790.17 | J9: =+I9/H9 -> 1.1404384
B10: CEMENTO YURA MAX (HS) X 42.5KG | C10: 28150 | D10: 1201.184 | E10: =+D10/$D$4 -> 0.23942334 | F10: DOMINGO | G10: 45837 | H10: 3370 | I10: 5016.988 | J10: =+I10/H10 -> 1.4887205
B11: CEMENTO YURA PRO (HE) 42.5KG | C11: 10915 | D11: 465.842 | E11: =+D11/$D$4 -> 0.092852923 | H11: =+SUM(H4:H10) -> 48556 | I11: =+SUM(I4:I10) -> 47669.143 | J11: =+I11/H11 -> 0.98173538
B12: CEM YURA ESPECIAL (HS) X 42.5 KG | E12: =+D12/$D$4 -> 0 | H12: 2024 | I12: 2025
B13: CEM.PORTL.IP(GRADO CORRIENTE)X25KG CHILE | E13: =+D13/$D$4 -> 0 | G13: ENERO | H13: 204007.8 | I13: 190629.13 | J13: =+I13/H13 -> 0.93442077
B14: CEMENTO PORT. PUZ. IP X 25 KG YURA | E14: =+D14/$D$4 -> 0 | G14: FEBRERO | H14: 186305.94 | I14: 182874.29 | J14: =+I14/H14 -> 0.98158052
B15: CEMENTO BLANCO X 25 KG YURA NACIONAL | E15: =+D15/$D$4 -> 0 | G15: MARZO | H15: 199570.19 | I15: 197224.22 | J15: =+I15/H15 -> 0.98824488
B16: CEM. PORT. I BBx1.5TM INC.ENV YURA | C16: 85 | D16: 128.63 | E16: =+D16/$D$4 -> 0.025638889 | G16: ABRIL | H16: 205343.73 | I16: 198970.76 | J16: =+I16/H16 -> 0.96896438
B17: CEMENTO YURA PRO (HE) BBx1.5TM INC.ENV | C17: 155 | D17: 234.49 | E17: =+D17/$D$4 -> 0.046739199 | G17: MAYO | H17: 209473.77 | I17: 212393.17 | J17: =+I17/H17 -> 1.0139368
B18: CEM ALT REST IN HE BB1.5TM YURA ENV CHIL | C18: 115 | D18: 173.88 | E18: =+D18/$D$4 -> 0.034658245 | G18: JUNIO
B19: CEM. PORT. PUZ. IP BBx1.5TM INC.ENV YURA | C19: 22 | D19: 33.2 | E19: =+D19/$D$4 -> 0.0066175163 | H19: =+SUM(H13:H17) -> 1004701.4 | I19: =+SUM(I13:I17) -> 982091.56 | J19: =+I19/H19 -> 0.97749593 | K19: =+I19-H19 -> -22609.876
B20: CEMENTO YURA MAX BBx1.5TM INC.ENV | C20: 83 | D20: 126.04 | E20: =+D20/$D$4 -> 0.025122643
B21: CEMENTO BLANCO BIGBAGx1.5TM EXP.BOLIVIA | E21: =+D21/$D$4 -> 0
B22: FILLER INDUSTRIAL BB1.5TM | E22: =+D22/$D$4 -> 0
B23: CEMENTO YURA PRO (HE) GRANEL EN BOMBONA | D23: 334.82 | E23: =+D23/$D$4 -> 0.066737254 | I23: MAX | J23: 3408
B24: CEMENTO YURA IP A GRANEL EN BOMBONA | D24: 187.63 | E24: =+D24/$D$4 -> 0.037398933 | I24: RUMI | J24: 413
B25: CEMENTO YURA MAX GRANEL BOMBONA | D25: 59.48 | E25: =+D25/$D$4 -> 0.011855719 | I25: GU | J25: 519
B26: DESPACHO T.M. DEL DIA | D26: =SUM(D5:D25) -> 5016.988 | J26: =+SUM(J23:J25) -> 4340
B27: ACUMULADO MES | D27: 198748.01 | E27: =+D27/E2 -> 0.97144537
D28: =+(E2/30)*29 -> 197770.33 | E28: =+D28/E2 -> 0.96666667
D29: =+D27-D28 -> 977.67567 | E29: =+E27-E28 -> 0.004778707
B31: TEMPORALES | D31: Capacidad ™ | E31: % | I31: TM
B32: TEMPORAL 1 | C32: 1446 | D32: 2142 | E32: =+C32/D32 -> 0.67507003 | G32: CB 25 Kg. | H32: 7596 | I32: 189.9 | J32: 45832 | K32: 2905
B33: TEMPORAL 2 | C33: 2057 | D33: 1890 | E33: =+C33/D33 -> 1.0883598 | G33: CB 25 Kg. PINGÜINO | H33: 14 | I33: 0.35
B34: MISTI | C34: 1777 | D34: 3006 | E34: =+C34/D34 -> 0.59115103 | G34: CB BIGBAG x 1.5TM | H34: 43 | I34: =+H34*1.5 -> 64.5 | J34: 45831 | K34: 50 | L34: 45834 | M34: 48
C35: =+SUM(C32:C34) -> 5280 | D35: =+SUM(D32:D34) -> 7038 | E35: =+C35/D35 -> 0.75021313 | G35: filler | H35: 225 | I35: 337.5
G36: SCM | H36: 97 | I36: 145.5
B37: CARROS | G37: CEM MICROFISURAS | H37: 22 | I37: 33
B38: PLAYA | C38: LLAMADO | D38: PROCESO DE C | E38: TOTAL | G38: CARBONATO 1.5 | H38: 244 | I38: =+H38*1.5 -> 366 | J38: 56 BB de calidad
B39: 11 | C39: 4 | D39: 18 | E39: =+SUM(B39:D39) -> 33
E40: RENDIMIENTO | G40: SCM: lote 1 | H40: 30
F41: Operativos | G41: lote 2 | H41: 12
A42: H1 | B42: 0 | C42: 2243 | D42: 2400 | E42: =+C42/D42 -> 0.93458333 | F42: 7 | G42: lote 3 | H42: 53
A43: H2 | B43: 8.69 | C43: 2335 | D43: 3600 | E43: =+C43/D43 -> 0.64861111 | F43: 12
A44: H3 | B44: 9.75 | C44: 3114 | D44: 3600 | E44: =+C44/D44 -> 0.865 | F44: 12 | G44: CARBONATO (BIG BAG)
A45: H4 | B45: 11.01 | C45: 3076 | D45: 3900 | E45: =+C45/D45 -> 0.78871795 | F45: 10 | G45: 45811 | H45: 73
A46: H5 | B46: 11.46 | C46: 2373 | D46: 3900 | E46: =+C46/D46 -> 0.60846154 | F46: 12 | G46: 45826 | H46: 29 | I46: =+SUM(H46:H48) -> 133
A47: V | B47: 7.93 | C47: =19039/B47 -> 2400.8827 | D47: 4300 | E47: =+C47/D47 -> 0.55834482 | F47: 16 | G47: 45826 | H47: 72 | J47: =+I46*1.5 -> 199.5
C48: COMPUERTA | D48: HR | G48: 45827 | H48: 32
B49: SILO 8 | C49: 4 | G49: 45828 | H49: 6 | I49: =+SUM(H49:H51) -> 38
C50: 5 | D50: 7 | G50: 45829 | H50: 12 | J50: =+I49*1.5 -> 57
C51: 6 | D51: 7 | G51: 45830 | H51: 20
C52: 8 | I52: =+I46+I49 -> 171 | J52: =+J50+J47 -> 256.5

Sheet 30.06
B1: 45838 | E1: ME JUNIO | F1: JULIO
E2: 204590 | F2: 219352
B3: DESPACHO DEL DÍA POR TIPO DE CEMENTO | H3: PLAN | I3: REAL | J3: %
D4: =D26 -> 6080.33 | F4: LUNES | G4: 45831 | H4: 7024 | I4: 6157.872 | J4: =+I4/H4 -> 0.87669021
B5: CEM. FRONTERA GU X 42.5 KG | C5: 3075 | D5: 131.21 | E5: =+D5/$D$4 -> 0.021579421 | F5: MARTES | G5: 45832 | H5: 8158 | I5: 8534.053 | J5: =+I5/H5 -> 1.0460962
B6: CEMENTO FRONTERA IP x 42.5 KG | C6: =11900+810 -> 12710 | D6: =508.466+34.56 -> 543.026 | E6: =+D6/$D$4 -> 0.089308639 | F6: MIÉRCOLES | G6: 45833 | H6: 8013 | I6: 6838.03 | J6: =+I6/H6 -> 0.85336703
B7: CEMENTO HS+R X 42.5 KG RUMI | C7: =9320+800 -> 10120 | D7: =398.012+34.21 -> 432.222 | E7: =+D7/$D$4 -> 0.071085286 | F7: JUEVES | G7: 45834 | H7: 8289 | I7: 7507.68 | J7: =+I7/H7 -> 0.90574014
B8: CEMENTO PORTLAND TIPO I X 42.5 KG YURA | C8: 850 | D8: 36.21 | E8: =+D8/$D$4 -> 0.0059552689 | F8: VIERNES | G8: 45835 | H8: 7748 | I8: 6824.35 | J8: =+I8/H8 -> 0.88078859
B9: CEMENTO YURA ANTISALITRE (MS) X 42.5 KG | C9: 25757 | D9: 1100.598 | E9: =+D9/$D$4 -> 0.18100958 | F9: SÁBADO | G9: 45836 | H9: 5954 | I9: 6790.17 | J9: =+I9/H9 -> 1.1404384
B10: CEMENTO YURA MAX (HS) X 42.5KG | C10: 41426 | D10: 1767.552 | E10: =+D10/$D$4 -> 0.29070001 | F10: DOMINGO | G10: 45837 | H10: 3370 | I10: 5016.988 | J10: =+I10/H10 -> 1.4887205
B11: CEMENTO YURA PRO (HE) 42.5KG | C11: 9258 | D11: 394.852 | E11: =+D11/$D$4 -> 0.064939238 | H11: =+SUM(H4:H10) -> 48556 | I11: =+SUM(I4:I10) -> 47669.143 | J11: =+I11/H11 -> 0.98173538
B12: CEM YURA ESPECIAL (HS) X 42.5 KG | E12: =+D12/$D$4 -> 0 | H12: 2024 | I12: 2025
B13: CEM.PORTL.IP(GRADO CORRIENTE)X25KG CHILE | E13: =+D13/$D$4 -> 0 | G13: ENERO | H13: 204007.8 | I13: 190629.13 | J13: =+I13/H13 -> 0.93442077
B14: CEMENTO PORT. PUZ. IP X 25 KG YURA | E14: =+D14/$D$4 -> 0 | G14: FEBRERO | H14: 186305.94 | I14: 182874.29 | J14: =+I14/H14 -> 0.98158052
B15: CEMENTO BLANCO X 25 KG YURA NACIONAL | E15: =+D15/$D$4 -> 0 | G15: MARZO | H15: 199570.19 | I15: 197224.22 | J15: =+I15/H15 -> 0.98824488
B16: CEM. PORT. I BBx1.5TM INC.ENV YURA | C16: 86 | D16: 129.99 | E16: =+D16/$D$4 -> 0.021378774 | G16: ABRIL | H16: 205343.73 | I16: 198970.76 | J16: =+I16/H16 -> 0.96896438
B17: CEMENTO YURA PRO (HE) BBx1.5TM INC.ENV | C17: 266 | D17: 402.61 | E17: =+D17/$D$4 -> 0.066215156 | G17: MAYO | H17: 209473.77 | I17: 212393.17 | J17: =+I17/H17 -> 1.0139368
B18: CEM ALT REST IN HE BB1.5TM YURA ENV CHIL | C18: 220 | D18: 332.94 | E18: =+D18/$D$4 -> 0.054756896 | G18: JUNIO | H18: 196506.86 | I18: 204590 | J18: =+I18/H18 -> 1.0411341
B19: CEM. PORT. PUZ. IP BBx1.5TM INC.ENV YURA | C19: 81 | D19: 122.46 | E19: =+D19/$D$4 -> 0.020140354 | H19: =+SUM(H13:H18) -> 1201208.3 | I19: =+SUM(I13:I18) -> 1186681.6 | J19: =+I19/H19 -> 0.98790656
B20: CEMENTO YURA MAX BBx1.5TM INC.ENV | C20: =42+21 -> 63 | D20: =63.47+31.74 -> 95.21 | E20: =+D20/$D$4 -> 0.01565869 | J20: =+I19-H19 -> -14526.736
B21: CEMENTO BLANCO BIGBAGx1.5TM EXP.BOLIVIA | E21: =+D21/$D$4 -> 0
B22: FILLER INDUSTRIAL BB1.5TM | C22: 47 | D22: 71.13 | E22: =+D22/$D$4 -> 0.011698378
B23: CEMENTO YURA PRO (HE) GRANEL EN BOMBONA | D23: 399.41 | E23: =+D23/$D$4 -> 0.065688869 | I23: MAX | J23: 3304
B24: CEMENTO YURA IP A GRANEL EN BOMBONA | D24: 92.2 | E24: =+D24/$D$4 -> 0.015163651 | I24: RUMI | J24: 349
B25: CEMENTO YURA MAX GRANEL BOMBONA | D25: 28.71 | E25: =+D25/$D$4 -> 0.0047217832 | I25: GU | J25: 495
B26: DESPACHO T.M. DEL DIA | D26: =SUM(D5:D25) -> 6080.33 | J26: =+SUM(J23:J25) -> 4148
B27: ACUMULADO MES | D27: 204828.34 | E27: =+D27/E2 -> 1.001165
D28: =+(E2/30)*30 -> 204590 | E28: =+D28/E2 -> 1
D29: =+D27-D28 -> 238.339 | E29: =+E27-E28 -> 0.0011649592
B31: TEMPORALES | D31: Capacidad ™ | E31: % | I31: TM
B32: TEMPORAL 1 | D32: 2142 | E32: =+C32/D32 -> 0 | G32: CB 25 Kg. | H32: 7596 | I32: 189.9 | J32: 45832 | K32: 2905
B33: TEMPORAL 2 | C33: 1717 | D33: 1890 | E33: =+C33/D33 -> 0.90846561 | G33: CB 25 Kg. PINGÜINO | H33: 6 | I33: 0.35
B34: MISTI | D34: 3006 | E34: =+C34/D34 -> 0 | G34: CB BIGBAG x 1.5TM | H34: 174 | I34: 261 | J34: 45831 | K34: 50 | L34: 45834 | M34: 48
C35: =+SUM(C32:C34) -> 1717 | D35: =+SUM(D32:D34) -> 7038 | E35: =+C35/D35 -> 0.24396135 | G35: filler | H35: 225 | I35: 337.5
G36: SCM | H36: 97 | I36: 145.5
B37: CARROS | G37: CEM MICROFISURAS | H37: 22 | I37: 33
B38: PLAYA | C38: LLAMADO | D38: PROCESO DE C | E38: TOTAL | G38: CARBONATO 1.5 | H38: 244 | I38: =+H38*1.5 -> 366 | J38: 56 BB de calidad
B39: 15 | C39: 0 | D39: 8 | E39: =+SUM(B39:D39) -> 23
E40: RENDIMIENTO | G40: SCM: lote 1 | H40: 30
F41: Operativos | G41: lote 2 | H41: 12
A42: H1 | B42: 0 | C42: 2243 | D42: 2400 | E42: =+C42/D42 -> 0.93458333 | F42: 7 | G42: lote 3 | H42: 53
A43: H2 | B43: 6.19 | C43: 2124 | D43: 3600 | E43: =+C43/D43 -> 0.59 | F43: 12
A44: H3 | B44: 8.52 | C44: 2893 | D44: 3600 | E44: =+C44/D44 -> 0.80361111 | F44: 12 | G44: CARBONATO (BIG BAG)
A45: H4 | B45: 8.76 | C45: 2610 | D45: 3900 | E45: =+C45/D45 -> 0.66923077 | F45: 10 | G45: 45811 | H45: 73
A46: H5 | B46: 4.82 | C46: 2256 | D46: 3900 | E46: =+C46/D46 -> 0.57846154 | F46: 12 | G46: 45826 | H46: 29 | I46: =+SUM(H46:H48) -> 133
A47: V | B47: 11 | C47: =31989/B47 -> 2908.0909 | D47: 4300 | E47: =+C47/D47 -> 0.67630021 | F47: 16 | G47: 45826 | H47: 72 | J47: =+I46*1.5 -> 199.5
C48: COMPUERTA | D48: HR | G48: 45827 | H48: 32
B49: SILO 8 | C49: 4 | G49: 45828 | H49: 6 | I49: =+SUM(H49:H51) -> 38
C50: 5 | D50: 4 | G50: 45829 | H50: 12 | J50: =+I49*1.5 -> 57
C51: 6 | D51: 4 | G51: 45830 | H51: 20
C52: 8 | I52: =+I46+I49 -> 171 | J52: =+J50+J47 -> 256.5

Sheet 01.07
B1: 45839 | E1: ME JULIO
E2: 219352
B3: DESPACHO DEL DÍA POR TIPO DE CEMENTO | H3: PLAN | I3: REAL | J3: %
D4: =D26 -> 7807.479 | F4: LUNES | G4: 45838 | H4: 6219 | I4: 7807.479 | J4: =+I4/H4 -> 1.2554235
B5: CEM. FRONTERA GU X 42.5 KG | C5: 780 | D5: 33.31 | E5: =+D5/$D$4 -> 0.004266422 | F5: MARTES | G5: 45839 | H5: 8082 | J5: =+I5/H5 -> 0
B6: CEMENTO FRONTERA IP x 42.5 KG | C6: 14545 | D6: 620.806 | E6: =+D6/$D$4 -> 0.079514271 | F6: MIÉRCOLES | G6: 45840 | H6: 7408 | J6: =+I6/H6 -> 0
B7: CEMENTO HS+R X 42.5 KG RUMI | C7: 16817 | D7: 718.422 | E7: =+D7/$D$4 -> 0.092017154 | F7: JUEVES | G7: 45841 | H7: 7964 | J7: =+I7/H7 -> 0
B8: CEMENTO PORTLAND TIPO I X 42.5 KG YURA | C8: 5545 | D8: 236.24 | E8: =+D8/$D$4 -> 0.030258167 | F8: VIERNES | G8: 45842 | H8: 7126 | J8: =+I8/H8 -> 0
B9: CEMENTO YURA ANTISALITRE (MS) X 42.5 KG | C9: 41332 | D9: 1765.167 | E9: =+D9/$D$4 -> 0.22608668 | F9: SÁBADO | G9: 45843 | H9: 6314 | J9: =+I9/H9 -> 0
B10: CEMENTO YURA MAX (HS) X 42.5KG | C10: 43522 | D10: 1857.3 | E10: =+D10/$D$4 -> 0.23788729 | F10: DOMINGO | G10: 45844 | H10: 4537 | J10: =+I10/H10 -> 0
B11: CEMENTO YURA PRO (HE) 42.5KG | C11: 15130 | D11: 646.254 | E11: =+D11/$D$4 -> 0.08277371 | H11: =+SUM(H4:H10) -> 47650 | I11: =+SUM(I4:I10) -> 7807.479 | J11: =+I11/H11 -> 0.16385056
B12: CEM YURA ESPECIAL (HS) X 42.5 KG | E12: =+D12/$D$4 -> 0 | H12: 2024 | I12: 2025
B13: CEM.PORTL.IP(GRADO CORRIENTE)X25KG CHILE | E13: =+D13/$D$4 -> 0 | G13: ENERO | H13: 204007.8 | I13: 190629.13 | J13: =+I13/H13 -> 0.93442077
B14: CEMENTO PORT. PUZ. IP X 25 KG YURA | E14: =+D14/$D$4 -> 0 | G14: FEBRERO | H14: 186305.94 | I14: 182874.29 | J14: =+I14/H14 -> 0.98158052
B15: CEMENTO BLANCO X 25 KG YURA NACIONAL | E15: =+D15/$D$4 -> 0 | G15: MARZO | H15: 199570.19 | I15: 197224.22 | J15: =+I15/H15 -> 0.98824488
B16: CEM. PORT. I BBx1.5TM INC.ENV YURA | C16: 43 | D16: 65.12 | E16: =+D16/$D$4 -> 0.0083407205 | G16: ABRIL | H16: 205343.73 | I16: 198970.76 | J16: =+I16/H16 -> 0.96896438
B17: CEMENTO YURA PRO (HE) BBx1.5TM INC.ENV | C17: =325+21 -> 346 | D17: =491.85+31.67 -> 523.52 | E17: =+D17/$D$4 -> 0.067053655 | G17: MAYO | H17: 209473.77 | I17: 212393.17 | J17: =+I17/H17 -> 1.0139368
B18: CEM ALT REST IN HE BB1.5TM YURA ENV CHIL | C18: 111 | D18: 167.88 | E18: =+D18/$D$4 -> 0.021502459 | G18: JUNIO | H18: 196506.86 | I18: 204590 | J18: =+I18/H18 -> 1.0411341
B19: CEM. PORT. PUZ. IP BBx1.5TM INC.ENV YURA | C19: 41 | D19: 61.96 | E19: =+D19/$D$4 -> 0.0079359804 | G19: JULIO | H19: 219516.24 | J19: =+I21/H21 -> 0.98790656
B20: CEMENTO YURA MAX BBx1.5TM INC.ENV | C20: 229 | D20: 345.91 | E20: =+D20/$D$4 -> 0.044304954 | G20: AGOSTO | H20: 232937.96
B21: CEM.ANTISALITRE HS BBx1.5TM INC.ENV YURA | C21: 44 | D21: 66.6 | E21: =+D21/$D$4 -> 0.0085302823 | H21: =+SUM(H13:H18) -> 1201208.3 | I21: =+SUM(I13:I18) -> 1186681.6 | J21: =+I21-H21 -> -14526.736
B22: FILLER INDUSTRIAL BB1.5TM | E22: =+D22/$D$4 -> 0
B23: CEMENTO YURA PRO (HE) GRANEL EN BOMBONA | D23: 457.91 | E23: =+D23/$D$4 -> 0.058650174 | I23: MAX | J23: 3577
B24: CEMENTO YURA IP A GRANEL EN BOMBONA | D24: 213.05 | E24: =+D24/$D$4 -> 0.027287938 | I24: RUMI | J24: 442
B25: CEMENTO YURA MAX GRANEL BOMBONA | D25: 28.03 | E25: =+D25/$D$4 -> 0.0035901473 | I25: GU | J25: 427
B26: DESPACHO T.M. DEL DIA | D26: =SUM(D5:D25) -> 7807.479 | J26: =+SUM(J23:J25) -> 4446
B27: ACUMULADO MES | D27: 7807.479 | E27: =+D27/E2 -> 0.03559338
D28: =+(E2/31)*1 -> 7075.871 | E28: =+D28/E2 -> 0.032258065
D29: =+D27-D28 -> 731.60803 | E29: =+E27-E28 -> 0.0033353151
B31: TEMPORALES | D31: Capacidad ™ | E31: % | I31: TM
B32: TEMPORAL 1 | C32: 247 | D32: 2142 | E32: =+C32/D32 -> 0.11531279 | G32: CB 25 Kg. | H32: 6797 | I32: 169.925
B33: TEMPORAL 2 | C33: 1366 | D33: 1890 | E33: =+C33/D33 -> 0.72275132 | G33: CB 25 Kg. PINGÜINO | H33: 13 | I33: 0.325
B34: MISTI | C34: 511 | D34: 3006 | E34: =+C34/D34 -> 0.16999335 | G34: CB BIGBAG x 1.5TM | H34: 154 | I34: 231
C35: =+SUM(C32:C34) -> 2124 | D35: =+SUM(D32:D34) -> 7038 | E35: =+C35/D35 -> 0.30179028 | G35: filler | H35: 225 | I35: 337.5
G36: SCM | H36: 97 | I36: 145.5
B37: CARROS | G37: CEM MICROFISURAS | H37: 22 | I37: 33
B38: PLAYA | C38: LLAMADO | D38: PROCESO DE C | E38: TOTAL | G38: CARBONATO 1.5 | H38: 244 | I38: =+H38*1.5 -> 366 | J38: 56 BB de calidad
B39: 29 | C39: 3 | D39: 23 | E39: =+SUM(B39:D39) -> 55
E40: RENDIMIENTO | G40: SCM: lote 1 | H40: 30
F41: Operativos | G41: lote 2 | H41: 12
A42: H1 | B42: 0 | C42: 0 | D42: 2400 | E42: =+C42/D42 -> 0 | F42: 7 | G42: lote 3 | H42: 53
A43: H2 | B43: 12.19 | C43: 2167 | D43: 3600 | E43: =+C43/D43 -> 0.60194444 | F43: 12
A44: H3 | B44: 3.56 | C44: 2073 | D44: 3900 | E44: =+C44/D44 -> 0.53153846 | F44: 12 | G44: CARBONATO (BIG BAG)
A45: H4 | B45: 15.55 | C45: 2539 | D45: 3900 | E45: =+C45/D45 -> 0.65102564 | F45: 10 | G45: 45811 | H45: 73
A46: H5 | B46: 7.84 | C46: 2440 | D46: 3900 | E46: =+C46/D46 -> 0.62564103 | F46: 12 | G46: 45826 | H46: 29 | I46: =+SUM(H46:H48) -> 133
A47: V | B47: 4.51 | C47: 3615 | D47: 4300 | E47: =+C47/D47 -> 0.84069767 | F47: 16 | G47: 45826 | H47: 72 | J47: =+I46*1.5 -> 199.5
C48: COMPUERTA | D48: HR | G48: 45827 | H48: 32
B49: SILO 8 | C49: 4 | G49: 45828 | H49: 6 | I49: =+SUM(H49:H51) -> 38
C50: 5 | D50: 6 | G50: 45829 | H50: 12 | J50: =+I49*1.5 -> 57
C51: 6 | D51: 6 | G51: 45830 | H51: 20
C52: 8 | I52: =+I46+I49 -> 171 | J52: =+J50+J47 -> 256.5

Sheet 02.07
B1: 45840 | E1: ME JULIO
E2: 219352
B3: DESPACHO DEL DÍA POR TIPO DE CEMENTO | H3: PLAN | I3: REAL | J3: %
D4: =D26 -> 8301.677 | F4: LUNES | G4: 45838 | H4: 6219 | I4: 7807.479 | J4: =+I4/H4 -> 1.2554235
B5: CEM. FRONTERA GU X 42.5 KG | C5: 3930 | D5: 167.792 | E5: =+D5/$D$4 -> 0.02021182 | F5: MARTES | G5: 45839 | H5: 8082 | I5: 8301.677 | J5: =+I5/H5 -> 1.027181
B6: CEMENTO FRONTERA IP x 42.5 KG | C6: 17207 | D6: 734.123 | E6: =+D6/$D$4 -> 0.088430687 | F6: MIÉRCOLES | G6: 45840 | H6: 7408 | J6: =+I6/H6 -> 0
B7: CEMENTO HS+R X 42.5 KG RUMI | C7: 17584 | D7: 751.14 | E7: =+D7/$D$4 -> 0.090480514 | F7: JUEVES | G7: 45841 | H7: 7964 | J7: =+I7/H7 -> 0
B8: CEMENTO PORTLAND TIPO I X 42.5 KG YURA | C8: 1550 | D8: 66.13 | E8: =+D8/$D$4 -> 0.0079658604 | F8: VIERNES | G8: 45842 | H8: 7126 | J8: =+I8/H8 -> 0
B9: CEMENTO YURA ANTISALITRE (MS) X 42.5 KG | C9: 47905 | D9: 2044.626 | E9: =+D9/$D$4 -> 0.24629072 | F9: SÁBADO | G9: 45843 | H9: 6314 | J9: =+I9/H9 -> 0
B10: CEMENTO YURA MAX (HS) X 42.5KG | C10: 49402 | D10: 2106.636 | E10: =+D10/$D$4 -> 0.25376029 | F10: DOMINGO | G10: 45844 | H10: 4537 | J10: =+I10/H10 -> 0
B11: CEMENTO YURA PRO (HE) 42.5KG | C11: 7668 | D11: 327.42 | E11: =+D11/$D$4 -> 0.039440224 | H11: =+SUM(H4:H10) -> 47650 | I11: =+SUM(I4:I10) -> 16109.156 | J11: =+I11/H11 -> 0.33807253
B12: CEM YURA ESPECIAL (HS) X 42.5 KG | E12: =+D12/$D$4 -> 0
B13: CEM.PORTL.IP(GRADO CORRIENTE)X25KG CHILE | E13: =+D13/$D$4 -> 0 | H13: 2024 | I13: 2025
B14: CEM. PORT. PUZ. IP BBx1.5TM INC.ENV YURA | C14: 42 | D14: 63.54 | E14: =+D14/$D$4 -> 0.0076538752 | G14: ENERO | H14: 204007.8 | I14: 190629.13 | J14: =+I14/H14 -> 0.93442077
B15: CEM.ANTISALITRE HS BBx1.5TM INC.ENV YURA | C15: 126 | D15: 189.94 | E15: =+D15/$D$4 -> 0.022879715 | G15: FEBRERO | H15: 186305.94 | I15: 182874.29 | J15: =+I15/H15 -> 0.98158052
B16: CEMENTO BLANCO A GRANEL EN BBx1.5 YURA | D16: 29.87 | E16: =+D16/$D$4 -> 0.0035980682 | G16: MARZO | H16: 199570.19 | I16: 197224.22 | J16: =+I16/H16 -> 0.98824488
B17: CEMENTO YURA PRO (HE) BBx1.5TM INC.ENV | C17: 547 | D17: 826.34 | E17: =+D17/$D$4 -> 0.099538924 | G17: ABRIL | H17: 205343.73 | I17: 198970.76 | J17: =+I17/H17 -> 0.96896438
B18: CEM ALT REST IN HE BB1.5TM YURA ENV CHIL | C18: 46 | D18: 69.67 | E18: =+D18/$D$4 -> 0.0083922803 | G18: MAYO | H18: 209473.77 | I18: 212393.17 | J18: =+I18/H18 -> 1.0139368
B19: CEM. PORT. PUZ. IP BBx1.5TM INC.ENV YURA | E19: =+D19/$D$4 -> 0 | G19: JUNIO | H19: 196506.86 | I19: 204590 | J19: =+I19/H19 -> 1.0411341
B20: CEMENTO YURA MAX BBx1.5TM INC.ENV | C20: 62 | D20: 93.71 | E20: =+D20/$D$4 -> 0.011288081 | G20: JULIO | H20: 219516.24 | J20: =+I22/H22 -> 0.98790656
B21: CEM.ANTISALITRE HS BBx1.5TM INC.ENV YURA | E21: =+D21/$D$4 -> 0 | G21: AGOSTO | H21: 232937.96
B22: FILLER INDUSTRIAL BB1.5TM | E22: =+D22/$D$4 -> 0 | H22: =+SUM(H14:H19) -> 1201208.3 | I22: =+SUM(I14:I19) -> 1186681.6 | J22: =+I22-H22 -> -14526.736
B23: CEMENTO YURA PRO (HE) GRANEL EN BOMBONA | D23: 555.19 | E23: =+D23/$D$4 -> 0.066876849
B24: CEMENTO YURA IP A GRANEL EN BOMBONA | D24: 212.54 | E24: =+D24/$D$4 -> 0.025602056 | I24: MAX | J24: 3577
B25: CEMENTO YURA MAX GRANEL BOMBONA | D25: 63.01 | E25: =+D25/$D$4 -> 0.0075900327 | I25: RUMI | J25: 442
B26: DESPACHO T.M. DEL DIA | D26: =SUM(D5:D25) -> 8301.677 | I26: GU | J26: 427
B27: ACUMULADO MES | D27: 16139.877 | E27: =+D27/E2 -> 0.073579803 | J27: =+SUM(J24:J26) -> 4446
D28: =+(E2/31)*2 -> 14151.742 | E28: =+D28/E2 -> 0.064516129
D29: =+D27-D28 -> 1988.1351 | E29: =+E27-E28 -> 0.0090636742
B31: TEMPORALES | D31: Capacidad ™ | E31: % | I31: TM
B32: TEMPORAL 1 | C32: 346 | D32: 2142 | E32: =+C32/D32 -> 0.16153128 | G32: CB 25 Kg. | H32: 6797 | I32: 169.925
B33: TEMPORAL 2 | C33: 1374 | D33: 1890 | E33: =+C33/D33 -> 0.72698413 | G33: CB 25 Kg. PINGÜINO | H33: 13 | I33: 0.325
B34: MISTI | C34: 521 | D34: 3006 | E34: =+C34/D34 -> 0.17332003 | G34: CB BIGBAG x 1.5TM | H34: 134 | I34: 201
C35: =+SUM(C32:C34) -> 2241 | D35: =+SUM(D32:D34) -> 7038 | E35: =+C35/D35 -> 0.31841432 | G35: filler | H35: 8 | I35: 12
G36: SCM | H36: 97 | I36: 145.5
B37: CARROS | G37: CEM MICROFISURAS | H37: 22 | I37: 33
B38: PLAYA | C38: LLAMADO | D38: PROCESO DE C | E38: TOTAL | G38: CARBONATO 1.5 | H38: 244 | I38: =+H38*1.5 -> 366 | J38: 56 BB de calidad
B39: 22 | C39: 2 | D39: 22 | E39: =+SUM(B39:D39) -> 46
E40: RENDIMIENTO | G40: SCM: lote 1 | H40: 30
F41: Operativos | G41: lote 2 | H41: 12
A42: H1 | B42: 0 | C42: 0 | D42: 2400 | E42: =+C42/D42 -> 0 | F42: 7 | G42: lote 3 | H42: 53
A43: H2 | B43: 13.28 | C43: 2176 | D43: 3600 | E43: =+C43/D43 -> 0.60444444 | F43: 12
A44: H3 | B44: 3.56 | C44: 3326 | D44: 3900 | E44: =+C44/D44 -> 0.85282051 | F44: 12 | G44: CARBONATO (BIG BAG)
A45: H4 | B45: 16.22 | C45: 3082 | D45: 3900 | E45: =+C45/D45 -> 0.79025641 | F45: 10 | G45: 45811 | H45: 73
A46: H5 | B46: 14.68 | C46: 2351 | D46: 3900 | E46: =+C46/D46 -> 0.60282051 | F46: 12 | G46: 45826 | H46: 29 | I46: =+SUM(H46:H48) -> 133
A47: V | B47: 6.82 | C47: =16868/B47 -> 2473.3138 | D47: 4300 | E47: =+C47/D47 -> 0.57518925 | F47: 16 | G47: 45826 | H47: 72 | J47: =+I46*1.5 -> 199.5
C48: COMPUERTA | D48: HR | G48: 45827 | H48: 32
B49: SILO 8 | C49: 4 | G49: 45828 | H49: 6 | I49: =+SUM(H49:H51) -> 38
C50: 5 | D50: 8 | G50: 45829 | H50: 12 | J50: =+I49*1.5 -> 57
C51: 6 | D51: 8 | G51: 45830 | H51: 20
C52: 8 | I52: =+I46+I49 -> 171 | J52: =+J50+J47 -> 256.5

Sheet Hoja4
B1: =TODAY()-1 -> 46171 | E1: ME JULIO
E2: 219352
B3: DESPACHO DEL DÍA POR TIPO DE CEMENTO | E3: =+E2/31 -> 7075.871 | H3: PLAN | I3: REAL | J3: %
D4: =D26 -> 7668.507 | F4: LUNES | G4: 45838 | H4: 6219 | I4: 7807.479 | J4: =+I4/H4 -> 1.2554235
B5: CEM. FRONTERA GU X 42.5 KG | C5: 4592 | D5: 196.132 | E5: =+D5/$D$4 -> 0.025576295 | F5: MARTES | G5: 45839 | H5: 8082 | I5: 8301.677 | J5: =+I5/H5 -> 1.027181
B6: CEMENTO FRONTERA IP x 42.5 KG | C6: 14704 | D6: 627.048 | E6: =+D6/$D$4 -> 0.081769241 | F6: MIÉRCOLES | G6: 45840 | H6: 7408 | I6: 7668.507 | J6: =+I6/H6 -> 1.0351656
B7: CEMENTO HS+R X 42.5 KG RUMI | C7: 16902 | D7: 721.91 | E7: =+D7/$D$4 -> 0.094139576 | F7: JUEVES | G7: 45841 | H7: 7964 | I7: 7668.507 | J7: =+I7/H7 -> 0.96289641
B8: CEMENTO PORTLAND TIPO I X 42.5 KG YURA | C8: 740 | D8: 31.61 | E8: =+D8/$D$4 -> 0.004122054 | F8: VIERNES | G8: 45842 | H8: 7126 | J8: =+I8/H8 -> 0
B9: CEMENTO YURA ANTISALITRE (MS) X 42.5 KG | C9: 32244 | D9: 1376.307 | E9: =+D9/$D$4 -> 0.17947522 | F9: SÁBADO | G9: 45843 | H9: 6314 | J9: =+I9/H9 -> 0
B10: CEMENTO YURA MAX (HS) X 42.5KG | C10: 55012 | D10: 2346.304 | E10: =+D10/$D$4 -> 0.30596621 | F10: DOMINGO | G10: 45844 | H10: 4537 | J10: =+I10/H10 -> 0
B11: CEMENTO YURA PRO (HE) 42.5KG | C11: 7525 | D11: 321.106 | E11: =+D11/$D$4 -> 0.04187334 | H11: =+SUM(H4:H10) -> 47650 | I11: =+SUM(I4:I10) -> 31446.17 | J11: =+I11/H11 -> 0.65994061
B12: CEM YURA ESPECIAL (HS) X 42.5 KG | E12: =+D12/$D$4 -> 0
B13: CEM.PORTL.IP(GRADO CORRIENTE)X25KG CHILE | E13: =+D13/$D$4 -> 0 | H13: 2024 | I13: 2025
B14: CEM. PORT. PUZ. IP BBx1.5TM INC.ENV YURA | C14: 60 | D14: 90.59 | E14: =+D14/$D$4 -> 0.011813251 | G14: ENERO | H14: 204007.8 | I14: 190629.13 | J14: =+I14/H14 -> 0.93442077
B15: CEM.ANTISALITRE HS BBx1.5TM INC.ENV YURA | E15: =+D15/$D$4 -> 0 | G15: FEBRERO | H15: 186305.94 | I15: 182874.29 | J15: =+I15/H15 -> 0.98158052
B16: CEMENTO BLANCO A GRANEL EN BBx1.5 YURA | D16: 30.05 | E16: =+D16/$D$4 -> 0.0039186246 | G16: MARZO | H16: 199570.19 | I16: 197224.22 | J16: =+I16/H16 -> 0.98824488
B17: CEMENTO YURA PRO (HE) BBx1.5TM INC.ENV | C17: 326 | D17: 493 | E17: =+D17/$D$4 -> 0.064288916 | G17: ABRIL | H17: 205343.73 | I17: 198970.76 | J17: =+I17/H17 -> 0.96896438
B18: CEM ALT REST IN HE BB1.5TM YURA ENV CHIL | C18: 400 | D18: 604.24 | E18: =+D18/$D$4 -> 0.078794999 | G18: MAYO | H18: 209473.77 | I18: 212393.17 | J18: =+I18/H18 -> 1.0139368
B19: CEM. PORT. PUZ. IP BBx1.5TM INC.ENV YURA | E19: =+D19/$D$4 -> 0 | G19: JUNIO | H19: 196506.86 | I19: 204590 | J19: =+I19/H19 -> 1.0411341
B20: CEMENTO YURA MAX BBx1.5TM INC.ENV | C20: 206 | D20: 310.92 | E20: =+D20/$D$4 -> 0.04054505 | G20: JULIO | H20: 219516.24 | J20: =+I22/H22 -> 0.98790656
B21: CEM.ANTISALITRE HS BBx1.5TM INC.ENV YURA | E21: =+D21/$D$4 -> 0 | G21: AGOSTO | H21: 232937.96
B22: FILLER INDUSTRIAL BB1.5TM | E22: =+D22/$D$4 -> 0 | H22: =+SUM(H14:H19) -> 1201208.3 | I22: =+SUM(I14:I19) -> 1186681.6 | J22: =+I22-H22 -> -14526.736
B23: CEMENTO YURA PRO (HE) GRANEL EN BOMBONA | D23: 299.67 | E23: =+D23/$D$4 -> 0.039078011
B24: CEMENTO YURA IP A GRANEL EN BOMBONA | D24: 157.31 | E24: =+D24/$D$4 -> 0.020513771 | I24: MAX | J24: 3577
B25: CEMENTO YURA MAX GRANEL BOMBONA | D25: 62.31 | E25: =+D25/$D$4 -> 0.0081254408 | I25: RUMI | J25: 442
B26: DESPACHO T.M. DEL DIA | D26: =SUM(D5:D25) -> 7668.507 | I26: GU | J26: 427
B27: ACUMULADO MES | D27: 23808.384 | E27: =+D27/E2 -> 0.10853963 | J27: =+SUM(J24:J26) -> 4446
D28: =+(E2/31)*3 -> 21227.613 | E28: =+D28/E2 -> 0.096774194
D29: =+D27-D28 -> 2580.7711 | E29: =+E27-E28 -> 0.011765432
B31: TEMPORALES | D31: Capacidad ™ | E31: % | I31: TM
B32: TEMPORAL 1 | C32: 534 | D32: 2142 | E32: =+C32/D32 -> 0.24929972 | G32: CB 25 Kg. | H32: 6797 | I32: 169.925
B33: TEMPORAL 2 | C33: 1207 | D33: 1890 | E33: =+C33/D33 -> 0.63862434 | G33: CB 25 Kg. PINGÜINO | H33: 13 | I33: 0.325
B34: MISTI | C34: 207 | D34: 3006 | E34: =+C34/D34 -> 0.068862275 | G34: CB BIGBAG x 1.5TM | H34: 111 | I34: 166.5
C35: =+SUM(C32:C34) -> 1948 | D35: =+SUM(D32:D34) -> 7038 | E35: =+C35/D35 -> 0.27678318 | G35: filler | H35: 8 | I35: 12
G36: SCM | H36: 97 | I36: 145.5
B37: CARROS | G37: CEM MICROFISURAS | H37: 22 | I37: 33
B38: PLAYA | C38: LLAMADO | D38: PROCESO DE C | E38: TOTAL | G38: CARBONATO 1.5 | H38: 244 | I38: =+H38*1.5 -> 366 | J38: 56 BB de calidad
B39: 27 | C39: 2 | D39: 25 | E39: =+SUM(B39:D39) -> 54
E40: RENDIMIENTO | G40: SCM: lote 1 | H40: 30
F41: Operativos | G41: lote 2 | H41: 12
A42: H1 | B42: 0 | C42: 0 | D42: 2400 | E42: =+C42/D42 -> 0 | F42: 7 | G42: lote 3 | H42: 53
A43: H2 | B43: 7.58 | C43: 2176 | D43: 3600 | E43: =+C43/D43 -> 0.60444444 | F43: 12
A44: H3 | B44: 11.13 | C44: 284 | D44: 3900 | E44: =+C44/D44 -> 0.072820513 | F44: 12 | G44: CARBONATO (BIG BAG)
A45: H4 | B45: 15.11 | C45: 2932 | D45: 3900 | E45: =+C45/D45 -> 0.75179487 | F45: 10 | G45: 45811 | H45: 73
A46: H5 | B46: 14.68 | C46: 2481 | D46: 3900 | E46: =+C46/D46 -> 0.63615385 | F46: 12 | G46: 45826 | H46: 29 | I46: =+SUM(H46:H48) -> 133
A47: V | B47: 0.4 | C47: 1766 | D47: 4300 | E47: =+C47/D47 -> 0.41069767 | F47: 16 | G47: 45826 | H47: 72 | J47: =+I46*1.5 -> 199.5
C48: COMPUERTA | D48: HR | G48: 45827 | H48: 32
B49: SILO 8 | C49: 4 | G49: 45828 | H49: 6 | I49: =+SUM(H49:H51) -> 38
C50: 5 | D50: 9 | G50: 45829 | H50: 12 | J50: =+I49*1.5 -> 57
C51: 6 | D51: 9 | G51: 45830 | H51: 20
C52: 8 | I52: =+I46+I49 -> 171 | J52: =+J50+J47 -> 256.5

Sheet 06.07
B1: 45844 | E1: ME JULIO
E2: 219352
B3: DESPACHO DEL DÍA POR TIPO DE CEMENTO | E3: =+E2/31 -> 7075.871 | H3: PLAN | I3: REAL | J3: %
D4: =D26 -> 4489.696 | F4: LUNES | G4: 45838 | H4: 6219 | I4: 7807.479 | J4: =+I4/H4 -> 1.2554235
B5: CEM. FRONTERA GU X 42.5 KG | C5: 3895 | D5: 166.07 | E5: =+D5/$D$4 -> 0.036989141 | F5: MARTES | G5: 45839 | H5: 8082 | I5: 8301.677 | J5: =+I5/H5 -> 1.027181
B6: CEMENTO FRONTERA IP x 42.5 KG | C6: 11679 | D6: 497.994 | E6: =+D6/$D$4 -> 0.11091931 | F6: MIÉRCOLES | G6: 45840 | H6: 7408 | I6: 7668.507 | J6: =+I6/H6 -> 1.0351656
B7: CEMENTO HS+R X 42.5 KG RUMI | C7: 16023 | D7: 683.582 | E7: =+D7/$D$4 -> 0.15225574 | F7: JUEVES | G7: 45841 | H7: 7964 | I7: 7668.507 | J7: =+I7/H7 -> 0.96289641
B8: CEMENTO PORTLAND TIPO I X 42.5 KG YURA | C8: 5490 | D8: 234.38 | E8: =+D8/$D$4 -> 0.05220398 | F8: VIERNES | G8: 45842 | H8: 7126 | I8: 7094.15 | J8: =+I8/H8 -> 0.99553045
B9: CEMENTO YURA ANTISALITRE (MS) X 42.5 KG | C9: 10290 | D9: 438.964 | E9: =+D9/$D$4 -> 0.09777143 | F9: SÁBADO | G9: 45843 | H9: 6314 | I9: 7469.03 | J9: =+I9/H9 -> 1.1829316
B10: CEMENTO YURA MAX (HS) X 42.5KG | C10: 24721 | D10: 1054.244 | E10: =+D10/$D$4 -> 0.23481412 | F10: DOMINGO | G10: 45844 | H10: 4537 | I10: 4489.696 | J10: =+I10/H10 -> 0.98957373
B11: CEMENTO YURA PRO (HE) 42.5KG | C11: 1550 | D11: 66.172 | E11: =+D11/$D$4 -> 0.014738637 | H11: =+SUM(H4:H10) -> 47650 | I11: =+SUM(I4:I10) -> 50499.046 | J11: =+I11/H11 -> 1.0597911
B12: CEM YURA ESPECIAL (HS) X 42.5 KG | E12: =+D12/$D$4 -> 0
B13: CEMENTO YURA PRO (HE) BBx1.5TM INC.ENV | C13: 192 | D13: 290.08 | E13: =+D13/$D$4 -> 0.064610165 | H13: 2024 | I13: 2025
B14: CEM ALT REST IN HE BB1.5TM YURA ENV CHIL | C14: 139 | D14: 210.05 | E14: =+D14/$D$4 -> 0.046784905 | G14: ENERO | H14: 204007.8 | I14: 190629.13 | J14: =+I14/H14 -> 0.93442077
B15: CEM. PORT. I BBx1.5TM INC.ENV YURA | C15: 66 | D15: 99.74 | E15: =+D15/$D$4 -> 0.022215313 | G15: FEBRERO | H15: 186305.94 | I15: 182874.29 | J15: =+I15/H15 -> 0.98158052
B16: CEM. PORT. PUZ. IP BBx1.5TM INC.ENV YURA | C16: 106 | D16: 159.5 | E16: =+D16/$D$4 -> 0.035525791 | G16: MARZO | H16: 199570.19 | I16: 197224.22 | J16: =+I16/H16 -> 0.98824488
B17: CEMENTO YURA MAX BBx1.5TM INC.ENV | C17: 109 | D17: 163.85 | E17: =+D17/$D$4 -> 0.036494676 | G17: ABRIL | H17: 205343.73 | I17: 198970.76 | J17: =+I17/H17 -> 0.96896438
B18: SUPER SCM BIGBAG X 1.5 TM YURA | C18: 20 | D18: 30.12 | E18: =+D18/$D$4 -> 0.0067086948 | G18: MAYO | H18: 209473.77 | I18: 212393.17 | J18: =+I18/H18 -> 1.0139368
B19: CEM. PORT. PUZ. IP BBx1.5TM INC.ENV YURA | E19: =+D19/$D$4 -> 0 | G19: JUNIO | H19: 196506.86 | I19: 204590 | J19: =+I19/H19 -> 1.0411341
B20: CEMENTO YURA MAX BBx1.5TM INC.ENV | E20: =+D20/$D$4 -> 0 | G20: JULIO | H20: 219516.24 | J20: =+I22/H22 -> 0.98790656
B21: CEM. PORT. I BBx1.5TM INC.ENV YURA | E21: =+D21/$D$4 -> 0 | G21: AGOSTO | H21: 232937.96
B22: Carbonato M100 en BB x 1.5 Ton | E22: =+D22/$D$4 -> 0 | H22: =+SUM(H14:H19) -> 1201208.3 | I22: =+SUM(I14:I19) -> 1186681.6 | J22: =+I22-H22 -> -14526.736
B23: CEMENTO YURA IP A GRANEL EN BOMBONA | D23: 91.64 | E23: =+D23/$D$4 -> 0.020411182
B24: CEMENTO YURA MAX GRANEL BOMBONA | D24: 31.97 | E24: =+D24/$D$4 -> 0.0071207494 | I24: MAX | J24: 3577
B25: CEMENTO YURA PRO (HE) GRANEL EN BOMBONA | D25: 271.34 | E25: =+D25/$D$4 -> 0.060436163 | I25: RUMI | J25: 442
B26: DESPACHO T.M. DEL DIA | D26: =SUM(D5:D25) -> 4489.696 | I26: GU | J26: 427
B27: ACUMULADO MES | D27: 43189.343 | E27: =+D27/E2 -> 0.19689514 | J27: =+SUM(J24:J26) -> 4446
D28: =+(E2/31)*6 -> 42455.226 | E28: =+D28/E2 -> 0.19354839
D29: =+D27-D28 -> 734.11719 | E29: =+E27-E28 -> 0.003346754
B31: TEMPORALES | D31: Capacidad ™ | E31: % | I31: TM
B32: TEMPORAL 1 | C32: 1779 | D32: 2142 | E32: =+C32/D32 -> 0.83053221 | G32: CB 25 Kg. | H32: 6777 | I32: 169.425
B33: TEMPORAL 2 | C33: 1914 | D33: 1890 | E33: =+C33/D33 -> 1.0126984 | G33: CB 25 Kg. PINGÜINO | H33: 13 | I33: 0.325
B34: MISTI | C34: 1298 | D34: 3006 | E34: =+C34/D34 -> 0.43180306 | G34: CB BIGBAG x 1.5TM | H34: 115 | I34: 172.5
C35: =+SUM(C32:C34) -> 4991 | D35: =+SUM(D32:D34) -> 7038 | E35: =+C35/D35 -> 0.70915033 | G35: filler | H35: 12 | I35: 18
G36: SCM | H36: 97 | I36: 145.5
B37: CARROS | G37: CEM MICROFISURAS | H37: 22 | I37: 33
B38: PLAYA | C38: LLAMADO | D38: PROCESO DE C | E38: TOTAL | G38: CARBONATO 1.5 | H38: 244 | I38: =+H38*1.5 -> 366 | J38: 56 BB de calidad
B39: 11 | C39: 2 | D39: 5 | E39: =+SUM(B39:D39) -> 18
E40: RENDIMIENTO | G40: SCM: lote 1 | H40: 30
F41: Operativos | G41: lote 2 | H41: 12
A42: H1 | B42: 0 | C42: 0 | D42: 2400 | E42: =+C42/D42 -> 0 | F42: 7 | G42: lote 3 | H42: 53
A43: H2 | B43: 5.16 | C43: 1406 | D43: 3600 | E43: =+C43/D43 -> 0.39055556 | F43: 12
A44: H3 | B44: 7.64 | C44: 0 | D44: 3900 | E44: =+C44/D44 -> 0 | F44: 12 | G44: CARBONATO (BIG BAG)
A45: H4 | B45: 13.34 | C45: 3561 | D45: 3900 | E45: =+C45/D45 -> 0.91307692 | F45: 10 | G45: 45811 | H45: 73
A46: H5 | B46: 15.07 | C46: 1779 | D46: 3900 | E46: =+C46/D46 -> 0.45615385 | F46: 12 | G46: 45826 | H46: 29 | I46: =+SUM(H46:H48) -> 133
A47: V | B47: 5.4 | C47: =15070/B47 -> 2790.7407 | D47: 4300 | E47: =+C47/D47 -> 0.64900947 | F47: 16 | G47: 45826 | H47: 72 | J47: =+I46*1.5 -> 199.5
C48: COMPUERTA | D48: HR | G48: 45827 | H48: 32
B49: SILO 8 | C49: 4 | G49: 45828 | H49: 6 | I49: =+SUM(H49:H51) -> 38
C50: 5 | D50: 9 | G50: 45829 | H50: 12 | J50: =+I49*1.5 -> 57
C51: 6 | D51: 8 | G51: 45830 | H51: 20
C52: 8 | I52: =+I46+I49 -> 171 | J52: =+J50+J47 -> 256.5

Sheet 09.07
B1: 45847 | E1: ME JULIO
E2: 219352
B3: DESPACHO DEL DÍA POR TIPO DE CEMENTO | E3: =+E2/31 -> 7075.871 | H3: PLAN | I3: REAL | J3: %
D4: =D23 -> 8671.547 | F4: LUNES | G4: 45845 | H4: 5582 | I4: 4917.75 | J4: =+I4/H4 -> 0.88100143
B5: CEM. FRONTERA GU X 42.5 KG | C5: 6185 | D5: 263.866 | E5: =+D5/$D$4 -> 0.030428942 | F5: MARTES | G5: 45846 | H5: 7770 | I5: 8542.68 | J5: =+I5/H5 -> 1.099444
B6: CEMENTO FRONTERA IP x 42.5 KG | C6: 16873 | D6: 720.072 | E6: =+D6/$D$4 -> 0.083038471 | F6: MIÉRCOLES | G6: 45847 | H6: 7799 | I6: 8671.547 | J6: =+I6/H6 -> 1.1118793
B7: CEMENTO HS+R X 42.5 KG RUMI | C7: 20242 | D7: 863.972 | E7: =+D7/$D$4 -> 0.099632972 | F7: JUEVES | G7: 45848 | H7: 7772 | J7: =+I7/H7 -> 0
B8: CEMENTO PORTLAND TIPO I X 42.5 KG YURA | C8: 7000 | D8: 298.55 | E8: =+D8/$D$4 -> 0.03442869 | F8: VIERNES | G8: 45849 | H8: 7436 | J8: =+I8/H8 -> 0
B9: CEMENTO YURA ANTISALITRE (MS) X 42.5 KG | C9: 38691 | D9: 1650.284 | E9: =+D9/$D$4 -> 0.19031022 | F9: SÁBADO | G9: 45850 | H9: 7202 | J9: =+I9/H9 -> 0
B10: CEMENTO YURA MAX (HS) X 42.5KG | C10: 44579 | D10: 1901.307 | E10: =+D10/$D$4 -> 0.21925811 | F10: DOMINGO | G10: 45851 | H10: 5068 | J10: =+I10/H10 -> 0
B11: CEMENTO YURA PRO (HE) 42.5KG | C11: 17079 | D11: 729.596 | E11: =+D11/$D$4 -> 0.084136775 | H11: =+SUM(H4:H10) -> 48629 | I11: =+SUM(I4:I10) -> 22131.977 | J11: =+I11/H11 -> 0.4551189
B12: CEM. PORT. I BBx1.5TM INC.ENV YURA | C12: 90 | D12: 136.32 | E12: =+D12/$D$4 -> 0.015720378
B13: CEMENTO YURA PRO (HE) BBx1.5TM INC.ENV | C13: 398 | D13: 601.96 | E13: =+D13/$D$4 -> 0.069417833 | H13: 2024 | I13: 2025
B14: CEM ALT REST IN HE BB1.5TM YURA ENV CHIL | C14: 227 | D14: 343.07 | E14: =+D14/$D$4 -> 0.039562722 | G14: ENERO | H14: 204007.8 | I14: 190629.13 | J14: =+I14/H14 -> 0.93442077
B15: CEM. PORT. PUZ. IP BBx1.5TM INC.ENV YURA | C15: 44 | D15: 66.1 | E15: =+D15/$D$4 -> 0.0076226307 | G15: FEBRERO | H15: 186305.94 | I15: 182874.29 | J15: =+I15/H15 -> 0.98158052
B16: CEM.YURA ANTISALITRE MS BBx1.5TM INC.ENV | C16: 63 | D16: 94.72 | E16: =+D16/$D$4 -> 0.01092308 | G16: MARZO | H16: 199570.19 | I16: 197224.22 | J16: =+I16/H16 -> 0.98824488
B17: CEMENTO YURA MAX BBx1.5TM INC.ENV | C17: 141 | D17: 212 | E17: =+D17/$D$4 -> 0.024447772 | G17: ABRIL | H17: 205343.73 | I17: 198970.76 | J17: =+I17/H17 -> 0.96896438
B18: FILLER INDUSTRIAL BB1.5TM | C18: 21 | D18: 31.51 | E18: =+D18/$D$4 -> 0.003633723 | G18: MAYO | H18: 209473.77 | I18: 212393.17 | J18: =+I18/H18 -> 1.0139368
B19: CEMENTO BLANCO A GRANEL EN BBx1.5 YURA | C19: 20 | D19: 29.72 | E19: =+D19/$D$4 -> 0.0034273008 | G19: JUNIO | H19: 196506.86 | I19: 204590 | J19: =+I19/H19 -> 1.0411341
B20: CEMENTO YURA PRO (HE) GRANEL EN BOMBONA | D20: 396.05 | E20: =+D20/$D$4 -> 0.045672358 | G20: JULIO | H20: 219516.24 | J20: =+I22/H22 -> 0.98790656
B21: CEMENTO YURA IP A GRANEL EN BOMBONA | D21: 272.48 | E21: =+D21/$D$4 -> 0.031422306 | G21: AGOSTO | H21: 232937.96
B22: CEMENTO YURA MAX GRANEL BOMBONA | D22: 59.97 | E22: =+D22/$D$4 -> 0.006915721 | H22: =+SUM(H14:H19) -> 1201208.3 | I22: =+SUM(I14:I19) -> 1186681.6 | J22: =+I22-H22 -> -14526.736
B23: DESPACHO T.M. DEL DIA | D23: =SUM(D5:D22) -> 8671.547 | E23: =+D23/$D$4 -> 1
B24: ACUMULADO MES | D24: 65354.503 | E24: =+D24/$E$2 -> 0.2979435 | H24: MAX | I24: 2833
D25: =+(E2/31)*9 -> 63682.839 | E25: =+D25/E2 -> 0.29032258 | H25: RUMI | I25: 476
D26: =+D24-D25 -> 1671.6643 | E26: =+E24-E25 -> 0.0076209211 | H26: GU | I26: 382
I27: =+SUM(I24:I26) -> 3691
B28: TEMPORALES | D28: Capacidad ™ | E28: % | I28: TM
B29: TEMPORAL 1 | C29: 435 | D29: 2142 | E29: =+C29/D29 -> 0.20308123 | G29: CB 25 Kg. | H29: 6777 | I29: 169.425
B30: TEMPORAL 2 | C30: 1247 | D30: 1890 | E30: =+C30/D30 -> 0.65978836 | G30: CB 25 Kg. PINGÜINO | H30: 13 | I30: 0.325
B31: MISTI | C31: 1440 | D31: 3006 | E31: =+C31/D31 -> 0.47904192 | G31: CB BIGBAG x 1.5TM | H31: 115 | I31: 172.5
C32: =+SUM(C29:C31) -> 3122 | D32: =+SUM(D29:D31) -> 7038 | E32: =+C32/D32 -> 0.44359193 | G32: filler | H32: 12 | I32: 18
G33: SCM | H33: 97 | I33: 145.5
B34: CARROS | G34: CEM MICROFISURAS | H34: 22 | I34: 33
B35: PLAYA | C35: LLAMADO | D35: PROCESO DE C | E35: TOTAL | G35: CARBONATO 1.5 | H35: 244 | I35: =+H35*1.5 -> 366 | J35: 56 BB de calidad
B36: 35 | C36: 1 | D36: 9 | E36: =+SUM(B36:D36) -> 45
E37: RENDIMIENTO | F37: UTILIZACIÓN | H37: SCM: lote 1 | I37: 30
G38: Operativos | H38: lote 2 | I38: 12
A39: H1 | B39: 0 | C39: 0 | D39: 2400 | E39: =+C39/D39 -> 0 | F39: =+B39/24 -> 0 | G39: 7 | H39: lote 3 | I39: 53
A40: H2 | B40: 14.82 | C40: 1697 | D40: 3600 | E40: =+C40/D40 -> 0.47138889 | F40: =+B40/24 -> 0.6175 | G40: 11
A41: H3 | B41: 10.98 | C41: 0 | D41: 3900 | E41: =+C41/D41 -> 0 | F41: =+B41/24 -> 0.4575 | G41: 12 | H41: CARBONATO (BIG BAG)
A42: H4 | B42: 16.42 | C42: 2436 | D42: 3900 | E42: =+C42/D42 -> 0.62461538 | F42: =+B42/24 -> 0.68416667 | G42: 11 | H42: 45811 | I42: 73
A43: H5 | B43: 16.83 | C43: 2344 | D43: 3900 | E43: =+C43/D43 -> 0.60102564 | F43: =+B43/24 -> 0.70125 | G43: 12 | H43: 45826 | I43: 29 | J43: =+SUM(I43:I45) -> 133
A44: V | B44: 7.43 | C44: =21080/B44 -> 2837.1467 | D44: 4300 | E44: =+C44/D44 -> 0.65980156 | F44: =+B44/24 -> 0.30958333 | G44: 16 | H44: 45826 | I44: 72 | K44: =+J43*1.5 -> 199.5
C45: COMPUERTA | D45: HR | H45: 45827 | I45: 32
B46: SILO 8 | C46: 4 | H46: 45828 | I46: 6 | J46: =+SUM(I46:I48) -> 38
C47: 5 | D47: 8 | H47: 45829 | I47: 12 | K47: =+J46*1.5 -> 57
C48: 6 | D48: 9 | H48: 45830 | I48: 20
C49: 8 | J49: =+J43+J46 -> 171 | K49: =+K47+K44 -> 256.5

Sheet 10.07
B1: =TODAY()-1 -> 46171 | E1: ME JULIO
E2: 219352
B3: DESPACHO DEL DÍA POR TIPO DE CEMENTO | E3: =+E2/31 -> 7075.871 | H3: PLAN | I3: REAL | J3: %
D4: =D22 -> 8913.951 | F4: LUNES | G4: 45845 | H4: 5582 | I4: 4917.75 | J4: =+I4/H4 -> 0.88100143
B5: CEM. FRONTERA GU X 42.5 KG | C5: 3178 | D5: 135.714 | E5: =+D5/$D$4 -> 0.015224899 | F5: MARTES | G5: 45846 | H5: 7770 | I5: 8542.68 | J5: =+I5/H5 -> 1.099444
B6: CEMENTO FRONTERA IP x 42.5 KG | C6: 17592 | D6: 751.458 | E6: =+D6/$D$4 -> 0.084301338 | F6: MIÉRCOLES | G6: 45847 | H6: 7799 | I6: 8671.547 | J6: =+I6/H6 -> 1.1118793
B7: CEMENTO HS+R X 42.5 KG RUMI | C7: 27780 | D7: 1186.2 | E7: =+D7/$D$4 -> 0.1330723 | F7: JUEVES | G7: 45848 | H7: 7772 | I7: 8913.951 | J7: =+I7/H7 -> 1.1469314
B8: CEMENTO PORTLAND TIPO I X 42.5 KG YURA | C8: 1530 | D8: 65.28 | E8: =+D8/$D$4 -> 0.0073233519 | F8: VIERNES | G8: 45849 | H8: 7436 | J8: =+I8/H8 -> 0
B9: CEMENTO YURA ANTISALITRE (MS) X 42.5 KG | C9: 35607 | D9: 1520.096 | E9: =+D9/$D$4 -> 0.17052999 | F9: SÁBADO | G9: 45850 | H9: 7202 | J9: =+I9/H9 -> 0
B10: CEMENTO YURA MAX (HS) X 42.5KG | C10: 52220 | D10: 2228.629 | E10: =+D10/$D$4 -> 0.25001585 | F10: DOMINGO | G10: 45851 | H10: 5068 | J10: =+I10/H10 -> 0
B11: CEMENTO YURA PRO (HE) 42.5KG | C11: 16225 | D11: 693.354 | E11: =+D11/$D$4 -> 0.077783017 | H11: =+SUM(H4:H10) -> 48629 | I11: =+SUM(I4:I10) -> 31045.928 | J11: =+I11/H11 -> 0.63842415
B12: CEMENTO YURA PRO (HE) BBx1.5TM INC.ENV | C12: 590 | D12: 892.95 | E12: =+D12/$D$4 -> 0.10017443
B13: CEM ALT REST IN HE BB1.5TM YURA ENV CHIL | C13: 185 | D13: 279.94 | E13: =+D13/$D$4 -> 0.031404705 | H13: 2024 | I13: 2025
B14: CEM. PORT. PUZ. IP BBx1.5TM INC.ENV YURA | C14: 82 | D14: 123.38 | E14: =+D14/$D$4 -> 0.013841225 | G14: ENERO | H14: 204007.8 | I14: 190629.13 | J14: =+I14/H14 -> 0.93442077
B15: CEM.YURA ANTISALITRE MS BBx1.5TM INC.ENV | C15: 43 | D15: 64.58 | E15: =+D15/$D$4 -> 0.0072448233 | G15: FEBRERO | H15: 186305.94 | I15: 182874.29 | J15: =+I15/H15 -> 0.98158052
B16: CEMENTO YURA MAX BBx1.5TM INC.ENV | C16: 125 | D16: 188.22 | E16: =+D16/$D$4 -> 0.021115216 | G16: MARZO | H16: 199570.19 | I16: 197224.22 | J16: =+I16/H16 -> 0.98824488
B17: CEMENTO BLANCO A GRANEL EN BBx1.5 YURA | C17: 60 | D17: 58.83 | E17: =+D17/$D$4 -> 0.006599767 | G17: ABRIL | H17: 205343.73 | I17: 198970.76 | J17: =+I17/H17 -> 0.96896438
B18: SUPER SCM BIGBAG X 1.5 TM YURA | C18: 1 | D18: 1.5 | E18: =+D18/$D$4 -> 0.00016827555 | G18: MAYO | H18: 209473.77 | I18: 212393.17 | J18: =+I18/H18 -> 1.0139368
B19: CEMENTO YURA PRO (HE) GRANEL EN BOMBONA | D19: 480.4 | E19: =+D19/$D$4 -> 0.053893049 | G19: JUNIO | H19: 196506.86 | I19: 204590 | J19: =+I19/H19 -> 1.0411341
B20: CEMENTO YURA IP A GRANEL EN BOMBONA | D20: 181.04 | E20: =+D20/$D$4 -> 0.020309737 | G20: JULIO | H20: 219516.24 | J20: =+I22/H22 -> 0.98790656
B21: CEMENTO YURA MAX GRANEL BOMBONA | D21: 62.38 | E21: =+D21/$D$4 -> 0.0069980192 | G21: AGOSTO | H21: 232937.96
B22: DESPACHO T.M. DEL DIA | D22: =SUM(D5:D21) -> 8913.951 | E22: =+D22/$D$4 -> 1 | H22: =+SUM(H14:H19) -> 1201208.3 | I22: =+SUM(I14:I19) -> 1186681.6 | J22: =+I22-H22 -> -14526.736
B23: ACUMULADO MES | D23: 74576.004 | E23: =+D23/$E$2 -> 0.33998324 | H23: MAX | I23: 2833
D24: =+(E2/31)*10 -> 70758.71 | E24: =+D24/E2 -> 0.32258065 | H24: RUMI | I24: 476
D25: =+D23-D24 -> 3817.2943 | E25: =+E23-E24 -> 0.017402596 | H25: GU | I25: 382
I26: =+SUM(I23:I25) -> 3691
B27: TEMPORALES | D27: Capacidad ™ | E27: % | I27: TM
B28: TEMPORAL 1 | C28: 820 | D28: 2142 | E28: =+C28/D28 -> 0.38281979 | G28: CB 25 Kg. | H28: 6786 | I28: 169.65
B29: TEMPORAL 2 | C29: 1546 | D29: 1890 | E29: =+C29/D29 -> 0.81798942 | G29: CB 25 Kg. PINGÜINO | H29: 14 | I29: 0.35
B30: MISTI, 1359 | C30: 1850 | D30: 3006 | E30: =+C30/D30 -> 0.6154358 | G30: CB BIGBAG x 1.5TM | H30: 91 | I30: =+H30*1.5 -> 136.5 | J30: Ayer 36
C31: =+SUM(C28:C30) -> 4216 | D31: =+SUM(D28:D30) -> 7038 | E31: =+C31/D31 -> 0.59903382 | G31: filler | H31: 12 | I31: 18
G32: SCM | H32: 97 | I32: 145.5
B33: CARROS | G33: CEM MICROFISURAS | H33: 22 | I33: 33
B34: PLAYA | C34: LLAMADO | D34: PROCESO DE C | E34: TOTAL | G34: CARBONATO 1.5 | H34: 244 | I34: =+H34*1.5 -> 366 | J34: 56 BB de calidad
B35: 12 | C35: 2 | D35: 25 | E35: =+SUM(B35:D35) -> 39
E36: RENDIMIENTO | F36: UTILIZACIÓN | H36: SCM: lote 1 | I36: 30
G37: Operativos | H37: lote 2 | I37: 12
A38: H1 | B38: 0 | C38: 0 | D38: 2400 | E38: =+C38/D38 -> 0 | F38: =+B38/24 -> 0 | G38: 7 | H38: lote 3 | I38: 53
A39: H2 | B39: 13.44 | C39: 1724 | D39: 3600 | E39: =+C39/D39 -> 0.47888889 | F39: =+B39/24 -> 0.56 | G39: 11
A40: H3 | B40: 13.13 | C40: 0 | D40: 3900 | E40: =+C40/D40 -> 0 | F40: =+B40/24 -> 0.54708333 | G40: 12 | H40: CARBONATO (BIG BAG)
A41: H4 | B41: 16.13 | C41: 2673 | D41: 3900 | E41: =+C41/D41 -> 0.68538462 | F41: =+B41/24 -> 0.67208333 | G41: 11 | H41: 45811 | I41: 73
A42: H5 | B42: 14.04 | C42: 2594 | D42: 3900 | E42: =+C42/D42 -> 0.66512821 | F42: =+B42/24 -> 0.585 | G42: 12 | H42: 45826 | I42: 29 | J42: =+SUM(I42:I44) -> 133
A43: V | B43: 5.91 | C43: 2770 | D43: 4300 | E43: =+C43/D43 -> 0.64418605 | F43: =+B43/24 -> 0.24625 | G43: 16 | H43: 45826 | I43: 72 | K43: =+J42*1.5 -> 199.5
C44: COMPUERTA | D44: HR | H44: 45827 | I44: 32
B45: SILO 8 | C45: 4 | H45: 45828 | I45: 6 | J45: =+SUM(I45:I47) -> 38
C46: 5 | D46: 7 | H46: 45829 | I46: 12 | K46: =+J45*1.5 -> 57
C47: 6 | D47: 7 | H47: 45830 | I47: 20
C48: 8 | J48: =+J42+J45 -> 171 | K48: =+K46+K43 -> 256.5

Sheet 13.07
B1: 45851 | E1: ME JULIO
E2: 219352
B3: DESPACHO DEL DÍA POR TIPO DE CEMENTO | E3: =+E2/31 -> 7075.871 | H3: PLAN | I3: REAL | J3: %
D4: =D20 -> 4587.161 | F4: LUNES | G4: 45845 | H4: 5582 | I4: 4917.75 | J4: =+I4/H4 -> 0.88100143
B5: CEM. FRONTERA GU X 42.5 KG | C5: 1470 | D5: 62.61 | E5: =+D5/$D$4 -> 0.013648965 | F5: MARTES | G5: 45846 | H5: 7770 | I5: 8542.68 | J5: =+I5/H5 -> 1.099444
B6: CEMENTO FRONTERA IP x 42.5 KG | C6: 7084 | D6: 301.76 | E6: =+D6/$D$4 -> 0.065783608 | F6: MIÉRCOLES | G6: 45847 | H6: 7799 | I6: 8671.547 | J6: =+I6/H6 -> 1.1118793
B7: CEMENTO HS+R X 42.5 KG RUMI | C7: 11663 | D7: 496.72 | E7: =+D7/$D$4 -> 0.10828484 | F7: JUEVES | G7: 45848 | H7: 7772 | I7: 8913.951 | J7: =+I7/H7 -> 1.1469314
B8: CEMENTO PORTLAND TIPO I X 42.5 KG YURA | C8: 3770 | D8: 160.64 | E8: =+D8/$D$4 -> 0.035019482 | F8: VIERNES | G8: 45849 | H8: 7436 | I8: 7220.04 | J8: =+I8/H8 -> 0.9709575
B9: CEMENTO YURA ANTISALITRE (MS) X 42.5 KG | C9: 18874 | D9: 805.068 | E9: =+D9/$D$4 -> 0.17550463 | F9: SÁBADO | G9: 45850 | H9: 7202 | I9: 6847.84 | J9: =+I9/H9 -> 0.95082477
B10: CEMENTO YURA MAX (HS) X 42.5KG | C10: 36099 | D10: 1538.805 | E10: =+D10/$D$4 -> 0.33545912 | F10: DOMINGO | G10: 45851 | H10: 5068 | I10: 4587.16 | J10: =+I10/H10 -> 0.90512234
B11: CEMENTO YURA PRO (HE) 42.5KG | C11: 6383 | D11: 272.082 | E11: =+D11/$D$4 -> 0.059313811 | H11: =+SUM(H4:H10) -> 48629 | I11: =+SUM(I4:I10) -> 49700.968 | J11: =+I11/H11 -> 1.0220438
B12: CEM.PORTL.IP(GRADO CORRIENTE)X25KG CHILE | C12: 1350 | D12: 34.016 | E12: =+D12/$D$4 -> 0.0074154799
B13: CEMENTO YURA PRO (HE) BBx1.5TM INC.ENV | C13: 21 | D13: 31.71 | E13: =+D13/$D$4 -> 0.0069127724 | H13: 2024 | I13: 2025
B14: CEM. PORT. PUZ. IP BBx1.5TM INC.ENV YURA | C14: 81 | D14: 121.95 | E14: =+D14/$D$4 -> 0.026585071 | G14: ENERO | H14: 204007.8 | I14: 190629.13 | J14: =+I14/H14 -> 0.93442077
B15: CEM.YURA ANTISALITRE MS BBx1.5TM INC.ENV | C15: 24 | D15: 36.04 | E15: =+D15/$D$4 -> 0.0078567114 | G15: FEBRERO | H15: 186305.94 | I15: 182874.29 | J15: =+I15/H15 -> 0.98158052
B16: CEMENTO YURA MAX BBx1.5TM INC.ENV | C16: 63 | D16: 95.09 | E16: =+D16/$D$4 -> 0.020729597 | G16: MARZO | H16: 199570.19 | I16: 197224.22 | J16: =+I16/H16 -> 0.98824488
B17: FILLER INDUSTRIAL BB1.5TM | C17: 135 | D17: 203.73 | E17: =+D17/$D$4 -> 0.044413091 | G17: ABRIL | H17: 205343.73 | I17: 198970.76 | J17: =+I17/H17 -> 0.96896438
B18: CEMENTO YURA IP A GRANEL EN BOMBONA | D18: 152.51 | E18: =+D18/$D$4 -> 0.033247143 | G18: MAYO | H18: 209473.77 | I18: 212393.17 | J18: =+I18/H18 -> 1.0139368
B19: CEMENTO YURA PRO (HE) GRANEL EN BOMBONA | D19: 274.43 | E19: =+D19/$D$4 -> 0.059825674 | G19: JUNIO | H19: 196506.86 | I19: 204590 | J19: =+I19/H19 -> 1.0411341
B20: DESPACHO T.M. DEL DIA | D20: =SUM(D5:D19) -> 4587.161 | E20: =+D20/$D$4 -> 1 | G20: JULIO | H20: 219516.24 | J20: =+I22/H22 -> 0.98790656
B21: ACUMULADO MES | D21: 93726.619 | E21: =+D21/$E$2 -> 0.42728865 | G21: AGOSTO | H21: 232937.96
D22: =+(E2/31)*13 -> 91986.323 | E22: =+D22/E2 -> 0.41935484 | H22: =+SUM(H14:H19) -> 1201208.3 | I22: =+SUM(I14:I19) -> 1186681.6 | J22: =+I22-H22 -> -14526.736
D23: =+D21-D22 -> 1740.2964 | E23: =+E21-E22 -> 0.0079338069 | H23: MAX | I23: 2833
H24: RUMI | I24: 476
H25: GU | I25: 382
I26: =+SUM(I23:I25) -> 3691
B27: TEMPORALES | D27: Capacidad ™ | E27: % | I27: TM
B28: TEMPORAL 1 | C28: 969 | D28: 2142 | E28: =+C28/D28 -> 0.45238095 | G28: CB 25 Kg. | H28: 6122 | I28: 153.05
B29: TEMPORAL 2 | C29: 1461 | D29: 1890 | E29: =+C29/D29 -> 0.77301587 | G29: CB 25 Kg. PINGÜINO | H29: 14 | I29: 0.35
B30: MISTI, 3087 | C30: 3550 | D30: 3006 | E30: =+C30/D30 -> 1.1809714 | G30: CB BIGBAG x 1.5TM | H30: 72 | I30: 108 | J30: Ayer 36
C31: =+SUM(C28:C30) -> 5980 | D31: =+SUM(D28:D30) -> 7038 | E31: =+C31/D31 -> 0.8496732 | G31: filler | H31: 253 | I31: 379.5
G32: SCM | H32: =+I36+I38 -> 83 | I32: 145.5
B33: CARROS | G33: CEM MICROFISURAS | H33: 22 | I33: 33
B34: PLAYA | C34: LLAMADO | D34: PROCESO DE C | E34: TOTAL | G34: CARBONATO 1.5 | H34: 244 | I34: =+H34*1.5 -> 366 | J34: 56 BB de calidad
B35: 12 | C35: 2 | D35: 25 | E35: =+SUM(B35:D35) -> 39
E36: RENDIMIENTO | F36: UTILIZACIÓN | H36: SCM: lote 1 | I36: 30
G37: Operativos | H37: lote 2 | I37: 0
A38: H1 | B38: 0 | C38: 0 | D38: 2400 | E38: =+C38/D38 -> 0 | F38: =+B38/24 -> 0 | G38: 7 | H38: lote 3 | I38: 53
A39: H2 | B39: 7.34 | C39: 1564 | D39: 3600 | E39: =+C39/D39 -> 0.43444444 | F39: =+B39/24 -> 0.30583333 | G39: 11
A40: H3 | B40: 12.87 | C40: 1663 | D40: 3900 | E40: =+C40/D40 -> 0.42641026 | F40: =+B40/24 -> 0.53625 | G40: 12 | H40: CARBONATO (BIG BAG)
A41: H4 | B41: 14.38 | C41: 3040 | D41: 3900 | E41: =+C41/D41 -> 0.77948718 | F41: =+B41/24 -> 0.59916667 | G41: 11 | H41: 45811 | I41: 73
A42: H5 | B42: 8.86 | C42: 2595 | D42: 3900 | E42: =+C42/D42 -> 0.66538462 | F42: =+B42/24 -> 0.36916667 | G42: 12 | H42: 45826 | I42: 29 | J42: =+SUM(I42:I44) -> 133
A43: V | B43: 9.31 | C43: 2636 | D43: 4300 | E43: =+C43/D43 -> 0.61302326 | F43: =+B43/24 -> 0.38791667 | G43: 16 | H43: 45826 | I43: 72 | K43: =+J42*1.5 -> 199.5
C44: COMPUERTA | D44: HR | H44: 45827 | I44: 32
B45: SILO 8 | C45: 4 | H45: 45828 | I45: 6 | J45: =+SUM(I45:I47) -> 38
C46: 5 | D46: 2 | H46: 45829 | I46: 12 | K46: =+J45*1.5 -> 57
C47: 6 | D47: 6 | H47: 45830 | I47: 20
C48: 8 | J48: =+J42+J45 -> 171 | K48: =+K46+K43 -> 256.5

Sheet 14.07
B1: 45852 | E1: ME JULIO
E2: 219352
B3: DESPACHO DEL DÍA POR TIPO DE CEMENTO | E3: =+E2/31 -> 7075.871 | H3: PLAN | I3: REAL | J3: %
D4: =D22 -> 6584.94 | F4: LUNES | G4: 45845 | H4: 4956 | I4: 6584.94 | J4: =+I4/H4 -> 1.3286804
B5: CEM. FRONTERA GU X 42.5 KG | C5: 1565 | D5: 66.772 | E5: =+D5/$D$4 -> 0.010140108 | F5: MARTES | G5: 45846 | H5: 8181 | J5: =+I5/H5 -> 0
B6: CEMENTO FRONTERA IP x 42.5 KG | C6: 15674 | D6: 668.626 | E6: =+D6/$D$4 -> 0.10153866 | F6: MIÉRCOLES | G6: 45847 | H6: 8519 | J6: =+I6/H6 -> 0
B7: CEMENTO HS+R X 42.5 KG RUMI | C7: 12222 | D7: 520.4 | E7: =+D7/$D$4 -> 0.079028814 | F7: JUEVES | G7: 45848 | H7: 8363 | J7: =+I7/H7 -> 0
B8: CEMENTO PORTLAND TIPO I X 42.5 KG YURA | C8: 1616 | D8: 68.9 | E8: =+D8/$D$4 -> 0.010463269 | F8: VIERNES | G8: 45849 | H8: 7105 | J8: =+I8/H8 -> 0
B9: CEMENTO YURA ANTISALITRE (MS) X 42.5 KG | C9: 28793 | D9: 1229.204 | E9: =+D9/$D$4 -> 0.18666897 | F9: SÁBADO | G9: 45850 | H9: 7099 | J9: =+I9/H9 -> 0
B10: CEMENTO YURA MAX (HS) X 42.5KG | C10: 37992 | D10: 1619.954 | E10: =+D10/$D$4 -> 0.24600892 | F10: DOMINGO | G10: 45851 | H10: 5227 | J10: =+I10/H10 -> 0
B11: CEMENTO YURA PRO (HE) 42.5KG | C11: 9459 | D11: 404.182 | E11: =+D11/$D$4 -> 0.061379754 | H11: =+SUM(H4:H10) -> 49450 | I11: =+SUM(I4:I10) -> 6584.94 | J11: =+I11/H11 -> 0.1331636
B12: CEM YURA ESPECIAL (HS) X 42.5 KG | C12: 3919 | D12: 167.512 | E12: =+D12/$D$4 -> 0.025438652
B13: CEM. PORT. I BBx1.5TM INC.ENV YURA | C13: 87 | D13: 131.61 | E13: =+D13/$D$4 -> 0.019986515 | H13: 2024 | I13: 2025
B14: CEMENTO YURA PRO (HE) BBx1.5TM INC.ENV | C14: 484 | D14: 732.03 | E14: =+D14/$D$4 -> 0.1111673 | G14: ENERO | H14: 204007.8 | I14: 190629.13 | J14: =+I14/H14 -> 0.93442077
B15: CEM ALT REST IN HE BB1.5TM YURA ENV CHIL | C15: 44 | D15: 66.5 | E15: =+D15/$D$4 -> 0.010098801 | G15: FEBRERO | H15: 186305.94 | I15: 182874.29 | J15: =+I15/H15 -> 0.98158052
B16: CEM.YURA ANTISALITRE MS BBx1.5TM INC.ENV | C16: 47 | D16: 70.65 | E16: =+D16/$D$4 -> 0.010729027 | G16: MARZO | H16: 199570.19 | I16: 197224.22 | J16: =+I16/H16 -> 0.98824488
B17: CEMENTO YURA MAX BBx1.5TM INC.ENV | C17: 64 | D17: 96.23 | E17: =+D17/$D$4 -> 0.014613649 | G17: ABRIL | H17: 205343.73 | I17: 198970.76 | J17: =+I17/H17 -> 0.96896438
B18: FILLER INDUSTRIAL BB1.5TM | C18: 88 | D18: 132.5 | E18: =+D18/$D$4 -> 0.020121672 | G18: MAYO | H18: 209473.77 | I18: 212393.17 | J18: =+I18/H18 -> 1.0139368
B19: CEMENTO YURA MAX GRANEL BOMBONA | D19: 31.96 | E19: =+D19/$D$4 -> 0.004853499 | G19: JUNIO | H19: 196506.86 | I19: 204590 | J19: =+I19/H19 -> 1.0411341
B20: CEMENTO YURA IP A GRANEL EN BOMBONA | D20: 244.49 | G20: JULIO | H20: 219516.24 | J20: =+I22/H22 -> 0.98790656
B21: CEMENTO YURA PRO (HE) GRANEL EN BOMBONA | D21: 333.42 | G21: AGOSTO | H21: 232937.96
B22: DESPACHO T.M. DEL DIA | D22: =SUM(D5:D21) -> 6584.94 | E22: =+D22/$D$4 -> 1 | H22: =+SUM(H14:H19) -> 1201208.3 | I22: =+SUM(I14:I19) -> 1186681.6 | J22: =+I22-H22 -> -14526.736
B23: ACUMULADO MES | D23: 100442.03 | E23: =+D23/$E$2 -> 0.45790343 | H23: MAX | I23: 2833
D24: =+(E2/31)*14 -> 99062.194 | E24: =+D24/E2 -> 0.4516129 | H24: RUMI | I24: 476
D25: =+D23-D24 -> 1379.8395 | E25: =+E23-E24 -> 0.006290526 | H25: GU | I25: 382
I26: =+SUM(I23:I25) -> 3691
B27: TEMPORALES | D27: Capacidad ™ | E27: % | I27: TM
B28: TEMPORAL 1 | C28: 292 | D28: 2142 | E28: =+C28/D28 -> 0.1363212 | G28: CB 25 Kg. | H28: 4842 | I28: 121.05
B29: TEMPORAL 2 | C29: 1191 | D29: 1890 | E29: =+C29/D29 -> 0.63015873 | G29: CB 25 Kg. PINGÜINO | H29: 14 | I29: 0.35
B30: MISTI, 3087 | C30: 2407 | D30: 3006 | E30: =+C30/D30 -> 0.80073187 | G30: CB BIGBAG x 1.5TM | H30: 52 | I30: 78
C31: =+SUM(C28:C30) -> 3890 | D31: =+SUM(D28:D30) -> 7038 | E31: =+C31/D31 -> 0.55271384 | G31: filler | H31: 166 | I31: 249 | J31: 253 | K31: 379.5
G32: SCM | H32: =+I36+I38 -> 83 | I32: 145.5
B33: CARROS | G33: CEM MICROFISURAS | H33: 22 | I33: 33
B34: PLAYA | C34: LLAMADO | D34: PROCESO DE C | E34: TOTAL | G34: CARBONATO 1.5 | H34: 244 | I34: =+H34*1.5 -> 366 | J34: 56 BB de calidad
B35: 17 | C35: 2 | D35: 16 | E35: =+SUM(B35:D35) -> 35
E36: RENDIMIENTO | F36: UTILIZACIÓN | H36: SCM: lote 1 | I36: 30
G37: Operativos | H37: lote 2 | I37: 0
A38: H1 | B38: 0 | C38: 0 | D38: 2400 | E38: =+C38/D38 -> 0 | F38: =+B38/24 -> 0 | G38: 7 | H38: lote 3 | I38: 53
A39: H2 | B39: 8.74 | C39: 1833 | D39: 3600 | E39: =+C39/D39 -> 0.50916667 | F39: =+B39/24 -> 0.36416667 | G39: 12
A40: H3 | B40: 7.02 | C40: 1491 | D40: 3900 | E40: =+C40/D40 -> 0.38230769 | F40: =+B40/24 -> 0.2925 | G40: 12 | H40: CARBONATO (BIG BAG)
A41: H4 | B41: 11.78 | C41: 2574 | D41: 3900 | E41: =+C41/D41 -> 0.66 | F41: =+B41/24 -> 0.49083333 | G41: 12 | H41: 45811 | I41: 73
A42: H5 | B42: 5.54 | C42: 2578 | D42: 3900 | E42: =+C42/D42 -> 0.66102564 | F42: =+B42/24 -> 0.23083333 | G42: 12 | H42: 45826 | I42: 29 | J42: =+SUM(I42:I44) -> 133
A43: V | B43: 0.3 | C43: 1149 | D43: 4300 | E43: =+C43/D43 -> 0.2672093 | F43: =+B43/24 -> 0.0125 | G43: 16 | H43: 45826 | I43: 72 | K43: =+J42*1.5 -> 199.5
C44: COMPUERTA | D44: HR | H44: 45827 | I44: 32
B45: SILO 8 | C45: 4 | H45: 45828 | I45: 6 | J45: =+SUM(I45:I47) -> 38
C46: 5 | D46: 2 | H46: 45829 | I46: 12 | K46: =+J45*1.5 -> 57
C47: 6 | D47: 3 | H47: 45830 | I47: 20
C48: 8 | J48: =+J42+J45 -> 171 | K48: =+K46+K43 -> 256.5

Sheet 15.07
B1: 45853 | E1: ME JULIO
E2: 219352
B3: DESPACHO DEL DÍA POR TIPO DE CEMENTO | E3: =+E2/31 -> 7075.871 | H3: PLAN | I3: REAL | J3: %
D4: =D22 -> 8798.984 | F4: LUNES | G4: 45845 | H4: 4956 | I4: 6584.94 | J4: =+I4/H4 -> 1.3286804
B5: CEM. FRONTERA GU X 42.5 KG | C5: 6226 | D5: 265.484 | E5: =+D5/$D$4 -> 0.03017212 | F5: MARTES | G5: 45846 | H5: 8181 | I5: 8798.984 | J5: =+I5/H5 -> 1.0755389
B6: CEMENTO FRONTERA IP x 42.5 KG | C6: 11922 | D6: 508.544 | E6: =+D6/$D$4 -> 0.057795764 | F6: MIÉRCOLES | G6: 45847 | H6: 8519 | J6: =+I6/H6 -> 0
B7: CEMENTO HS+R X 42.5 KG RUMI | C7: 23192 | D7: 988.87 | E7: =+D7/$D$4 -> 0.11238457 | F7: JUEVES | G7: 45848 | H7: 8363 | J7: =+I7/H7 -> 0
B8: CEMENTO PORTLAND TIPO I X 42.5 KG YURA | C8: 2295 | D8: 97.83 | E8: =+D8/$D$4 -> 0.011118329 | F8: VIERNES | G8: 45849 | H8: 7105 | J8: =+I8/H8 -> 0
B9: CEMENTO YURA ANTISALITRE (MS) X 42.5 KG | C9: 42123 | D9: 1797.566 | E9: =+D9/$D$4 -> 0.20429245 | F9: SÁBADO | G9: 45850 | H9: 7099 | J9: =+I9/H9 -> 0
B10: CEMENTO YURA MAX (HS) X 42.5KG | C10: 45515 | D10: 1942.434 | E10: =+D10/$D$4 -> 0.22075662 | F10: DOMINGO | G10: 45851 | H10: 5227 | J10: =+I10/H10 -> 0
B11: CEMENTO YURA PRO (HE) 42.5KG | C11: 16195 | D11: 691.814 | E11: =+D11/$D$4 -> 0.078624305 | H11: =+SUM(H4:H10) -> 49450 | I11: =+SUM(I4:I10) -> 15383.924 | J11: =+I11/H11 -> 0.31110059
B12: CEMENTO BLANCO X 25 KG YURA NACIONAL | C12: 1280 | D12: 32.052 | E12: =+D12/$D$4 -> 0.0036426933
B13: CEMENTO BLANCO A GRANEL EN BBx1.5 YURA | D13: 29.56 | E13: =+D13/$D$4 -> 0.0033594788 | H13: 2024 | I13: 2025
B14: CEMENTO YURA PRO (HE) BBx1.5TM INC.ENV | C14: 499 | D14: 753.55 | E14: =+D14/$D$4 -> 0.085640569 | G14: ENERO | H14: 204007.8 | I14: 190629.13 | J14: =+I14/H14 -> 0.93442077
B15: CEM ALT REST IN HE BB1.5TM YURA ENV CHIL | C15: 359 | D15: 541.34 | E15: =+D15/$D$4 -> 0.061523012 | G15: FEBRERO | H15: 186305.94 | I15: 182874.29 | J15: =+I15/H15 -> 0.98158052
B16: CEM.YURA ANTISALITRE MS BBx1.5TM INC.ENV | C16: 66 | D16: 99.14 | E16: =+D16/$D$4 -> 0.01126721 | G16: MARZO | H16: 199570.19 | I16: 197224.22 | J16: =+I16/H16 -> 0.98824488
B17: CEMENTO YURA MAX BBx1.5TM INC.ENV | C17: 125 | D17: 187.96 | E17: =+D17/$D$4 -> 0.021361557 | G17: ABRIL | H17: 205343.73 | I17: 198970.76 | J17: =+I17/H17 -> 0.96896438
B18: FILLER INDUSTRIAL BB1.5TM | C18: 131 | D18: 197.93 | E18: =+D18/$D$4 -> 0.022494643 | G18: MAYO | H18: 209473.77 | I18: 212393.17 | J18: =+I18/H18 -> 1.0139368
B19: CEMENTO YURA MAX GRANEL BOMBONA | D19: 30.35 | E19: =+D19/$D$4 -> 0.0034492619 | G19: JUNIO | H19: 196506.86 | I19: 204590 | J19: =+I19/H19 -> 1.0411341
B20: CEMENTO YURA IP A GRANEL EN BOMBONA | D20: 183.27 | E20: =+D20/$D$4 -> 0.020828541 | G20: JULIO | H20: 219516.24 | J20: =+I22/H22 -> 0.98790656
B21: CEMENTO YURA PRO (HE) GRANEL EN BOMBONA | D21: 451.29 | E21: =+D21/$D$4 -> 0.051288876 | G21: AGOSTO | H21: 232937.96
B22: DESPACHO T.M. DEL DIA | D22: =SUM(D5:D21) -> 8798.984 | E22: =+D22/$D$4 -> 1 | H22: =+SUM(H14:H19) -> 1201208.3 | I22: =+SUM(I14:I19) -> 1186681.6 | J22: =+I22-H22 -> -14526.736
B23: ACUMULADO MES | D23: 109241.02 | E23: =+D23/$E$2 -> 0.49801696 | H23: MAX | I23: 2833
D24: =+(E2/31)*15 -> 106138.06 | E24: =+D24/E2 -> 0.48387097 | H24: RUMI | I24: 476
D25: =+D23-D24 -> 3102.9525 | E25: =+E23-E24 -> 0.014145996 | H25: GU | I25: 382
I26: =+SUM(I23:I25) -> 3691
B27: TEMPORALES | D27: Capacidad ™ | E27: % | I27: TM
B28: TEMPORAL 1 | C28: 403 | D28: 2142 | E28: =+C28/D28 -> 0.18814192 | G28: CB 25 Kg. | H28: 3643 | I28: 91.075
B29: TEMPORAL 2 | C29: 1016 | D29: 1890 | E29: =+C29/D29 -> 0.53756614 | G29: CB 25 Kg. PINGÜINO | H29: 14 | I29: 0.35
B30: MISTI, 3087 | C30: 1653 | D30: 3006 | E30: =+C30/D30 -> 0.5499002 | G30: CB BIGBAG x 1.5TM | H30: 52 | I30: 78
C31: =+SUM(C28:C30) -> 3072 | D31: =+SUM(D28:D30) -> 7038 | E31: =+C31/D31 -> 0.43648764 | G31: filler | H31: 70 | I31: 105 | J31: 253 | K31: 379.5
G32: SCM | H32: =+I36+I38 -> 83 | I32: 145.5
B33: CARROS | G33: CEM MICROFISURAS | H33: 22 | I33: 33
B34: PLAYA | C34: LLAMADO | D34: PROCESO DE C | E34: TOTAL | G34: CARBONATO 1.5 | H34: 244 | I34: =+H34*1.5 -> 366 | J34: 56 BB de calidad
B35: 15 | C35: 2 | D35: 12 | E35: =+SUM(B35:D35) -> 29
E36: RENDIMIENTO | F36: UTILIZACIÓN | H36: SCM: lote 1 | I36: 30
G37: Operativos | H37: lote 2 | I37: 0
A38: H1 | B38: 0 | C38: 0 | D38: 2400 | E38: =+C38/D38 -> 0 | F38: =+B38/24 -> 0 | G38: 7 | H38: lote 3 | I38: 53
A39: H2 | B39: 12.33 | C39: 1689 | D39: 3600 | E39: =+C39/D39 -> 0.46916667 | F39: =+B39/24 -> 0.51375 | G39: 12
A40: H3 | B40: 14.43 | C40: 1307 | D40: 3900 | E40: =+C40/D40 -> 0.33512821 | F40: =+B40/24 -> 0.60125 | G40: 11 | H40: CARBONATO (BIG BAG)
A41: H4 | B41: 14.56 | C41: 3073 | D41: 3900 | E41: =+C41/D41 -> 0.78794872 | F41: =+B41/24 -> 0.60666667 | G41: 12 | H41: 45811 | I41: 73
A42: H5 | B42: 10.15 | C42: 2627 | D42: 3900 | E42: =+C42/D42 -> 0.67358974 | F42: =+B42/24 -> 0.42291667 | G42: 12 | H42: 45826 | I42: 29 | J42: =+SUM(I42:I44) -> 133
A43: V | B43: 3.73 | C43: =7576/B43 -> 2031.0992 | D43: 4300 | E43: =+C43/D43 -> 0.47234865 | F43: =+B43/24 -> 0.15541667 | G43: 16 | H43: 45826 | I43: 72 | K43: =+J42*1.5 -> 199.5
C44: COMPUERTA | D44: HR | H44: 45827 | I44: 32
B45: SILO 8 | C45: 4 | H45: 45828 | I45: 6 | J45: =+SUM(I45:I47) -> 38
C46: 5 | D46: 5 | H46: 45829 | I46: 12 | K46: =+J45*1.5 -> 57
C47: 6 | D47: 5 | H47: 45830 | I47: 20
C48: 8 | J48: =+J42+J45 -> 171 | K48: =+K46+K43 -> 256.5

Sheet 16.07
B1: 45854 | E1: ME JULIO
E2: 219352
B3: DESPACHO DEL DÍA POR TIPO DE CEMENTO | E3: =+E2/31 -> 7075.871 | H3: PLAN | I3: REAL | J3: %
D4: =D22 -> 9177.836 | F4: LUNES | G4: 45845 | H4: 4956 | I4: 6584.94 | J4: =+I4/H4 -> 1.3286804
B5: CEM. FRONTERA GU X 42.5 KG | C5: 5495 | D5: 234.752 | E5: =+D5/$D$4 -> 0.025578143 | F5: MARTES | G5: 45846 | H5: 8181 | I5: 8798.984 | J5: =+I5/H5 -> 1.0755389
B6: CEMENTO FRONTERA IP x 42.5 KG | C6: 14723 | D6: 628.48 | E6: =+D6/$D$4 -> 0.068478016 | F6: MIÉRCOLES | G6: 45847 | H6: 8519 | I6: 9177.836 | J6: =+I6/H6 -> 1.0773372
B7: CEMENTO HS+R X 42.5 KG RUMI | C7: 13397 | D7: 571.73 | E7: =+D7/$D$4 -> 0.062294641 | F7: JUEVES | G7: 45848 | H7: 8363 | J7: =+I7/H7 -> 0
B8: CEMENTO PORTLAND TIPO I X 42.5 KG YURA | C8: 2260 | D8: 96.26 | E8: =+D8/$D$4 -> 0.010488311 | F8: VIERNES | G8: 45849 | H8: 7105 | J8: =+I8/H8 -> 0
B9: CEMENTO YURA ANTISALITRE (MS) X 42.5 KG | C9: 43664 | D9: 1863.63 | E9: =+D9/$D$4 -> 0.20305767 | F9: SÁBADO | G9: 45850 | H9: 7099 | J9: =+I9/H9 -> 0
B10: CEMENTO YURA MAX (HS) X 42.5KG | C10: 61858 | D10: 2639.866 | E10: =+D10/$D$4 -> 0.28763491 | F10: DOMINGO | G10: 45851 | H10: 5227 | J10: =+I10/H10 -> 0
B11: CEMENTO YURA PRO (HE) 42.5KG | C11: 13020 | D11: 556.068 | E11: =+D11/$D$4 -> 0.060588139 | H11: =+SUM(H4:H10) -> 49450 | I11: =+SUM(I4:I10) -> 24561.76 | J11: =+I11/H11 -> 0.49669889
B12: CEM. PORT. I BBx1.5TM INC.ENV YURA | C12: 91 | D12: 137.48 | E12: =+D12/$D$4 -> 0.014979566
B13: CEM. PORT. PUZ. IP BBx1.5TM INC.ENV YURA | C13: 61 | D13: 91.63 | E13: =+D13/$D$4 -> 0.009983835 | H13: 2024 | I13: 2025
B14: CEMENTO YURA PRO (HE) BBx1.5TM INC.ENV | C14: 594 | D14: 897.01 | E14: =+D14/$D$4 -> 0.097736547 | G14: ENERO | H14: 204007.8 | I14: 190629.13 | J14: =+I14/H14 -> 0.93442077
B15: CEM ALT REST IN HE BB1.5TM YURA ENV CHIL | C15: 164 | D15: 247.44 | E15: =+D15/$D$4 -> 0.026960604 | G15: FEBRERO | H15: 186305.94 | I15: 182874.29 | J15: =+I15/H15 -> 0.98158052
B16: CEM.YURA ANTISALITRE MS BBx1.5TM INC.ENV | C16: 88 | D16: 132.27 | E16: =+D16/$D$4 -> 0.014411894 | G16: MARZO | H16: 199570.19 | I16: 197224.22 | J16: =+I16/H16 -> 0.98824488
B17: CEMENTO YURA MAX BBx1.5TM INC.ENV | C17: 67 | D17: 100.71 | E17: =+D17/$D$4 -> 0.010973175 | G17: ABRIL | H17: 205343.73 | I17: 198970.76 | J17: =+I17/H17 -> 0.96896438
B18: FILLER INDUSTRIAL BB1.5TM | C18: 65 | D18: 98.19 | E18: =+D18/$D$4 -> 0.0106986 | G18: MAYO | H18: 209473.77 | I18: 212393.17 | J18: =+I18/H18 -> 1.0139368
B19: CEMENTO YURA MAX GRANEL BOMBONA | D19: 123.07 | E19: =+D19/$D$4 -> 0.013409479 | G19: JUNIO | H19: 196506.86 | I19: 204590 | J19: =+I19/H19 -> 1.0411341
B20: CEMENTO YURA IP A GRANEL EN BOMBONA | D20: 334.28 | E20: =+D20/$D$4 -> 0.036422529 | G20: JULIO | H20: 219516.24 | J20: =+I22/H22 -> 0.98790656
B21: CEMENTO YURA PRO (HE) GRANEL EN BOMBONA | D21: 424.97 | E21: =+D21/$D$4 -> 0.046303944 | G21: AGOSTO | H21: 232937.96
B22: DESPACHO T.M. DEL DIA | D22: =SUM(D5:D21) -> 9177.836 | E22: =+D22/$D$4 -> 1 | H22: =+SUM(H14:H19) -> 1201208.3 | I22: =+SUM(I14:I19) -> 1186681.6 | J22: =+I22-H22 -> -14526.736
B23: ACUMULADO MES | D23: 118350.89 | E23: =+D23/$E$2 -> 0.53954782 | H23: MAX | I23: 2833
D24: =+(E2/31)*16 -> 113213.94 | E24: =+D24/E2 -> 0.51612903 | H24: RUMI | I24: 476
D25: =+D23-D24 -> 5136.9575 | E25: =+E23-E24 -> 0.023418786 | H25: GU | I25: 382
I26: =+SUM(I23:I25) -> 3691
B27: TEMPORALES | D27: Capacidad ™ | E27: % | I27: TM
B28: TEMPORAL 1 | C28: 274 | D28: 2142 | E28: =+C28/D28 -> 0.12791783 | G28: CB 25 Kg. | H28: 2358 | I28: 58.95
B29: TEMPORAL 2 | C29: 866 | D29: 1890 | E29: =+C29/D29 -> 0.45820106 | G29: CB 25 Kg. PINGÜINO | H29: 14 | I29: 0.35
B30: MISTI | C30: 198 | D30: 3006 | E30: =+C30/D30 -> 0.065868263 | G30: CB BIGBAG x 1.5TM | H30: 52 | I30: 78
C31: =+SUM(C28:C30) -> 1338 | D31: =+SUM(D28:D30) -> 7038 | E31: =+C31/D31 -> 0.19011083 | G31: filler | H31: 6 | I31: 9 | J31: 253 | K31: 379.5
G32: SCM | H32: =+I36+I38 -> 83 | I32: 145.5
B33: CARROS | G33: CEM MICROFISURAS | H33: 22 | I33: 33
B34: PLAYA | C34: LLAMADO | D34: PROCESO DE C | E34: TOTAL | G34: CARBONATO 1.5 | H34: 244 | I34: =+H34*1.5 -> 366 | J34: 56 BB de calidad
B35: 41 | C35: 1 | D35: 21 | E35: =+SUM(B35:D35) -> 63
E36: RENDIMIENTO | F36: UTILIZACIÓN | H36: SCM: lote 1 | I36: 30
G37: Operativos | H37: lote 2 | I37: 0
A38: H1 | B38: 0 | C38: 0 | D38: 2400 | E38: =+C38/D38 -> 0 | F38: =+B38/24 -> 0 | G38: 7 | H38: lote 3 | I38: 53
A39: H2 | B39: 11.02 | C39: 1810 | D39: 3600 | E39: =+C39/D39 -> 0.50277778 | F39: =+B39/24 -> 0.45916667 | G39: 12
A40: H3 | B40: 13.24 | C40: 1244 | D40: 3900 | E40: =+C40/D40 -> 0.31897436 | F40: =+B40/24 -> 0.55166667 | G40: 11 | H40: CARBONATO (BIG BAG)
A41: H4 | B41: 16.52 | C41: 2925 | D41: 3900 | E41: =+C41/D41 -> 0.75 | F41: =+B41/24 -> 0.68833333 | G41: 12 | H41: 45811 | I41: 73
A42: H5 | B42: 9.26 | C42: 1503 | D42: 3900 | E42: =+C42/D42 -> 0.38538462 | F42: =+B42/24 -> 0.38583333 | G42: 12 | H42: 45826 | I42: 29 | J42: =+SUM(I42:I44) -> 133
A43: V | B43: 6.29 | C43: 882 | D43: 4300 | E43: =+C43/D43 -> 0.20511628 | F43: =+B43/24 -> 0.26208333 | G43: 16 | H43: 45826 | I43: 72 | K43: =+J42*1.5 -> 199.5
C44: COMPUERTA | D44: HR | H44: 45827 | I44: 32
B45: SILO 8 | C45: 4 | H45: 45828 | I45: 6 | J45: =+SUM(I45:I47) -> 38
C46: 5 | D46: 5 | H46: 45829 | I46: 12 | K46: =+J45*1.5 -> 57
C47: 6 | D47: 10 | H47: 45830 | I47: 20
C48: 8 | J48: =+J42+J45 -> 171 | K48: =+K46+K43 -> 256.5

Sheet 17.07
B1: 45855 | E1: ME JULIO
E2: 219352
B3: DESPACHO DEL DÍA POR TIPO DE CEMENTO | E3: =+E2/31 -> 7075.871 | H3: PLAN | I3: REAL | J3: %
D4: =D22 -> 7109.67 | F4: LUNES | G4: 45845 | H4: 4956 | I4: 6584.94 | J4: =+I4/H4 -> 1.3286804
B5: CEM. FRONTERA GU X 42.5 KG | C5: 1510 | D5: 64.344 | E5: =+D5/$D$4 -> 0.0090502091 | F5: MARTES | G5: 45846 | H5: 8181 | I5: 8798.984 | J5: =+I5/H5 -> 1.0755389
B6: CEMENTO FRONTERA IP x 42.5 KG | C6: 8546 | D6: 364.646 | E6: =+D6/$D$4 -> 0.051288738 | F6: MIÉRCOLES | G6: 45847 | H6: 8519 | I6: 9177.836 | J6: =+I6/H6 -> 1.0773372
B7: CEMENTO HS+R X 42.5 KG RUMI | C7: 11466 | D7: 489.12 | E7: =+D7/$D$4 -> 0.068796442 | F7: JUEVES | G7: 45848 | H7: 8363 | I7: 7109.67 | J7: =+I7/H7 -> 0.85013392
B8: CEMENTO PORTLAND TIPO I X 42.5 KG YURA | C8: 1740 | D8: 74.38 | E8: =+D8/$D$4 -> 0.010461808 | F8: VIERNES | G8: 45849 | H8: 7105 | I8: 9582.72 | J8: =+I8/H8 -> 1.3487291
B9: CEMENTO YURA ANTISALITRE (MS) X 42.5 KG | C9: 37283 | D9: 1591.452 | E9: =+D9/$D$4 -> 0.2238433 | F9: SÁBADO | G9: 45850 | H9: 7099 | I9: 8958.19 | J9: =+I9/H9 -> 1.2618946
B10: CEMENTO YURA MAX (HS) X 42.5KG | C10: 41972 | D10: 1791.32 | E10: =+D10/$D$4 -> 0.25195544 | F10: DOMINGO | G10: 45851 | H10: 5227 | I10: 6017.16 | J10: =+I10/H10 -> 1.1511689
B11: CEMENTO YURA PRO (HE) 42.5KG | C11: 12350 | D11: 526.876 | E11: =+D11/$D$4 -> 0.074106956 | H11: =+SUM(H4:H10) -> 49450 | I11: =+SUM(I4:I10) -> 56229.5 | J11: =+I11/H11 -> 1.1370981
B12: CEM. PORT. I BBx1.5TM INC.ENV YURA | C12: 41 | D12: 61.89 | E12: =+D12/$D$4 -> 0.0087050454
B13: CEM. PORT. PUZ. IP BBx1.5TM INC.ENV YURA | C13: 24 | D13: 36.05 | E13: =+D13/$D$4 -> 0.0050705588 | H13: 2024 | I13: 2025
B14: CEMENTO YURA PRO (HE) BBx1.5TM INC.ENV | C14: 415 | D14: 625.52 | E14: =+D14/$D$4 -> 0.08798158 | G14: ENERO | H14: 204007.8 | I14: 190629.13 | J14: =+I14/H14 -> 0.93442077
B15: CEM ALT REST IN HE BB1.5TM YURA ENV CHIL | C15: 322 | D15: 485.92 | E15: =+D15/$D$4 -> 0.068346351 | G15: FEBRERO | H15: 186305.94 | I15: 182874.29 | J15: =+I15/H15 -> 0.98158052
B16: CEM.YURA ANTISALITRE MS BBx1.5TM INC.ENV | C16: 46 | D16: 69.24 | E16: =+D16/$D$4 -> 0.0097388486 | G16: MARZO | H16: 199570.19 | I16: 197224.22 | J16: =+I16/H16 -> 0.98824488
B17: CEMENTO YURA MAX BBx1.5TM INC.ENV | C17: 147 | D17: 220.91 | E17: =+D17/$D$4 -> 0.031071766 | G17: ABRIL | H17: 205343.73 | I17: 198970.76 | J17: =+I17/H17 -> 0.96896438
B18: CEMENTO BLANCO X 25 KG YURA NACIONAL | C18: 1285 | D18: 32.602 | E18: =+D18/$D$4 -> 0.0045855855 | G18: MAYO | H18: 209473.77 | I18: 212393.17 | J18: =+I18/H18 -> 1.0139368
B19: CEMENTO YURA MAX GRANEL BOMBONA | E19: =+D19/$D$4 -> 0 | G19: JUNIO | H19: 196506.86 | I19: 204590 | J19: =+I19/H19 -> 1.0411341
B20: CEMENTO YURA IP A GRANEL EN BOMBONA | D20: 94.18 | E20: =+D20/$D$4 -> 0.013246747 | G20: JULIO | H20: 219516.24 | J20: =+I22/H22 -> 0.98790656
B21: CEMENTO YURA PRO (HE) GRANEL EN BOMBONA | D21: 581.22 | E21: =+D21/$D$4 -> 0.08175063 | G21: AGOSTO | H21: 232937.96
B22: DESPACHO T.M. DEL DIA | D22: =SUM(D5:D21) -> 7109.67 | E22: =+D22/$D$4 -> 1 | H22: =+SUM(H14:H19) -> 1201208.3 | I22: =+SUM(I14:I19) -> 1186681.6 | J22: =+I22-H22 -> -14526.736
B23: ACUMULADO MES | D23: 125460.56 | E23: =+D23/$E$2 -> 0.57195997
D24: =+(E2/31)*17 -> 120289.81 | E24: =+D24/E2 -> 0.5483871
D25: =+D23-D24 -> 5170.7565 | E25: =+E23-E24 -> 0.023572872
B27: TEMPORALES | D27: Capacidad ™ | E27: % | I27: TM
B28: TEMPORAL 1 | C28: 462 | D28: 2142 | E28: =+C28/D28 -> 0.21568627 | G28: CB 25 Kg. | H28: 2358 | I28: 58.95
B29: TEMPORAL 2 | C29: 857 | D29: 1890 | E29: =+C29/D29 -> 0.45343915 | G29: CB 25 Kg. PINGÜINO | H29: 14 | I29: 0.35 | J29: 111 | K29: Mauricio
B30: MISTI | C30: 681 | D30: 3006 | E30: =+C30/D30 -> 0.22654691 | G30: CB BIGBAG x 1.5TM | H30: =52+111+26 -> 189 | I30: 78 | J30: 26 | K30: Berly
C31: =+SUM(C28:C30) -> 2000 | D31: =+SUM(D28:D30) -> 7038 | E31: =+C31/D31 -> 0.28417164 | G31: filler | H31: 6 | I31: 9
G32: SCM | H32: =+I36+I38 -> 83 | I32: 145.5
B33: CARROS | G33: CEM MICROFISURAS | H33: 22 | I33: 33
B34: PLAYA | C34: LLAMADO | D34: PROCESO DE C | E34: TOTAL | G34: CARBONATO 1.5 | H34: 244 | I34: =+H34*1.5 -> 366 | J34: 56 BB de calidad
B35: 52 | C35: 4 | D35: 24 | E35: =+SUM(B35:D35) -> 80
E36: RENDIMIENTO | F36: UTILIZACIÓN | H36: SCM: lote 1 | I36: 30
G37: Operativos | H37: lote 2 | I37: 0
A38: H1 | B38: 0 | C38: 0 | D38: 2400 | E38: =+C38/D38 -> 0 | F38: =+B38/24 -> 0 | G38: 7 | H38: lote 3 | I38: 53
A39: H2 | B39: 12.82 | C39: 1822 | D39: 3600 | E39: =+C39/D39 -> 0.50611111 | F39: =+B39/24 -> 0.53416667 | G39: 12
A40: H3 | B40: 12.12 | C40: 1399 | D40: 3900 | E40: =+C40/D40 -> 0.35871795 | F40: =+B40/24 -> 0.505 | G40: 11 | H40: CARBONATO (BIG BAG)
A41: H4 | B41: 17.5 | C41: 2447 | D41: 3900 | E41: =+C41/D41 -> 0.6274359 | F41: =+B41/24 -> 0.72916667 | G41: 12 | H41: 45811 | I41: 73
A42: H5 | B42: 7 | C42: 2722 | D42: 3900 | E42: =+C42/D42 -> 0.69794872 | F42: =+B42/24 -> 0.29166667 | G42: 12 | H42: 45826 | I42: 29 | J42: =+SUM(I42:I44) -> 133
A43: V | B43: 4.32 | C43: 2777 | D43: 4300 | E43: =+C43/D43 -> 0.64581395 | F43: =+B43/24 -> 0.18 | G43: 16 | H43: 45826 | I43: 72 | K43: =+J42*1.5 -> 199.5
C44: COMPUERTA | D44: HR | H44: 45827 | I44: 32
B45: SILO 8 | C45: 4 | H45: 45828 | I45: 6 | J45: =+SUM(I45:I47) -> 38
C46: 5 | D46: 0 | H46: 45829 | I46: 12 | K46: =+J45*1.5 -> 57
C47: 6 | D47: 14 | H47: 45830 | I47: 20
C48: 8 | J48: =+J42+J45 -> 171 | K48: =+K46+K43 -> 256.5

Sheet 20.07
B1: 45858 | E1: ME JULIO
E2: 219352
B3: DESPACHO DEL DÍA POR TIPO DE CEMENTO | E3: =+E2/31 -> 7075.871 | H3: PLAN | I3: REAL | J3: %
D4: =D25 -> 6017.984 | F4: LUNES | G4: 45845 | H4: 4956 | I4: 6584.94 | J4: =+I4/H4 -> 1.3286804
B5: CEM. FRONTERA GU X 42.5 KG | C5: 2920 | D5: 124.706 | E5: =+D5/$D$4 -> 0.020722222 | F5: MARTES | G5: 45846 | H5: 8181 | I5: 8798.984 | J5: =+I5/H5 -> 1.0755389
B6: CEMENTO FRONTERA IP x 42.5 KG | C6: 11926 | D6: 508.704 | E6: =+D6/$D$4 -> 0.084530634 | F6: MIÉRCOLES | G6: 45847 | H6: 8519 | I6: 9177.836 | J6: =+I6/H6 -> 1.0773372
B7: CEMENTO HS+R X 42.5 KG RUMI | C7: 13725 | D7: 585.23 | E7: =+D7/$D$4 -> 0.097246852 | F7: JUEVES | G7: 45848 | H7: 8363 | I7: 7109.67 | J7: =+I7/H7 -> 0.85013392
B8: CEMENTO PORTLAND TIPO I X 42.5 KG YURA | C8: 5955 | D8: 254.282 | E8: =+D8/$D$4 -> 0.042253685 | F8: VIERNES | G8: 45849 | H8: 7105 | I8: 9582.72 | J8: =+I8/H8 -> 1.3487291
B9: CEMENTO YURA ANTISALITRE (MS) X 42.5 KG | C9: 28235 | D9: 1204.98 | E9: =+D9/$D$4 -> 0.20022984 | F9: SÁBADO | G9: 45850 | H9: 7099 | I9: 8958.19 | J9: =+I9/H9 -> 1.2618946
B10: CEMENTO YURA MAX (HS) X 42.5KG | C10: 38271 | D10: 1632.522 | E10: =+D10/$D$4 -> 0.2712739 | F10: DOMINGO | G10: 45851 | H10: 5227 | I10: 6017.16 | J10: =+I10/H10 -> 1.1511689
B11: CEMENTO YURA PRO (HE) 42.5KG | C11: 9250 | D11: 395.164 | E11: =+D11/$D$4 -> 0.06566385 | H11: =+SUM(H4:H10) -> 49450 | I11: =+SUM(I4:I10) -> 56229.5 | J11: =+I11/H11 -> 1.1370981
B12: CEM YURA ESPECIAL (HS) X 42.5 KG | C12: 780 | D12: 33.35 | E12: =+D12/$D$4 -> 0.0055417229
B13: CEM.PORTL.IP(GRADO CORRIENTE)X25KG CHILE | C13: 4035 | D13: 101.826 | E13: =+D13/$D$4 -> 0.016920284 | H13: 2024 | I13: 2025
B14: CEMENTO PORT. PUZ. IP X 25 KG YURA | C14: 42 | D14: 63.12 | E14: =+D14/$D$4 -> 0.010488562 | G14: ENERO | H14: 204007.8 | I14: 190629.13 | J14: =+I14/H14 -> 0.93442077
B15: CEM. PORT. I BBx1.5TM INC.ENV YURA | C15: 66 | D15: 99.67 | E15: =+D15/$D$4 -> 0.016562025 | G15: FEBRERO | H15: 186305.94 | I15: 182874.29 | J15: =+I15/H15 -> 0.98158052
B16: CEM. PORT. PUZ. IP BBx1.5TM INC.ENV YURA | E16: =+D16/$D$4 -> 0 | G16: MARZO | H16: 199570.19 | I16: 197224.22 | J16: =+I16/H16 -> 0.98824488
B17: CEMENTO YURA PRO (HE) BBx1.5TM INC.ENV | C17: 217 | D17: 327.48 | E17: =+D17/$D$4 -> 0.054416894 | G17: ABRIL | H17: 205343.73 | I17: 198970.76 | J17: =+I17/H17 -> 0.96896438
B18: CEM ALT REST IN HE BB1.5TM YURA ENV CHIL | E18: =+D18/$D$4 -> 0 | G18: MAYO | H18: 209473.77 | I18: 212393.17 | J18: =+I18/H18 -> 1.0139368
B19: CEM.YURA ANTISALITRE MS BBx1.5TM INC.ENV | C19: 66 | D19: 99.26 | E19: =+D19/$D$4 -> 0.016493896 | G19: JUNIO | H19: 196506.86 | I19: 204590 | J19: =+I19/H19 -> 1.0411341
B20: CEMENTO YURA MAX BBx1.5TM INC.ENV | C20: 148 | D20: 222.47 | E20: =+D20/$D$4 -> 0.036967529 | G20: JULIO | H20: 219516.24 | J20: =+I22/H22 -> 0.98790656
B21: CEMENTO BLANCO A GRANEL EN BBx1.5 YURA | E21: =+D21/$D$4 -> 0 | G21: AGOSTO | H21: 232937.96
B22: CEMENTO YURA MAX GRANEL BOMBONA | D22: 30.78 | E22: =+D22/$D$4 -> 0.0051146696 | H22: =+SUM(H14:H19) -> 1201208.3 | I22: =+SUM(I14:I19) -> 1186681.6 | J22: =+I22-H22 -> -14526.736
B23: CEMENTO YURA IP A GRANEL EN BOMBONA | D23: 60.61 | E23: =+D23/$D$4 -> 0.010071479
B24: CEMENTO YURA PRO (HE) GRANEL EN BOMBONA | D24: 273.83 | E24: =+D24/$D$4 -> 0.045501949
B25: DESPACHO T.M. DEL DIA | D25: =SUM(D5:D24) -> 6017.984 | E25: =+D25/$D$4 -> 1
B26: ACUMULADO MES | D26: 150019.47 | E26: =+D26/$E$2 -> 0.68392114
D27: =+(E2/31)*20 -> 141517.42 | E27: =+D27/E2 -> 0.64516129
D28: =+D26-D27 -> 8502.0496 | E28: =+E26-E27 -> 0.038759846
B30: TEMPORALES | D30: Capacidad ™ | E30: % | I30: TM
B31: TEMPORAL 1 | C31: 935 | D31: 2142 | E31: =+C31/D31 -> 0.43650794 | G31: CB 25 Kg. | H31: 2486 | I31: 62.15
B32: TEMPORAL 2 | C32: 680.32 | D32: 1890 | E32: =+C32/D32 -> 0.35995767 | G32: CB 25 Kg. PINGÜINO | H32: 14 | I32: 0.35
B33: MISTI | C33: 812 | D33: 3006 | E33: =+C33/D33 -> 0.27012641 | G33: CB BIGBAG x 1.5TM | H33: 155 | I33: 232.5
C34: =+SUM(C31:C33) -> 2427.32 | D34: =+SUM(D31:D33) -> 7038 | E34: =+C34/D34 -> 0.34488775 | G34: filler | H34: 42 | I34: 63
G35: SCM | H35: 108 | I35: 162 | J35: 40 sin pase
B36: CARROS | G36: CEM MICROFISURAS | H36: 22 | I36: 33
B37: PLAYA | C37: LLAMADO | D37: PROCESO DE C | E37: TOTAL | G37: CARBONATO 1.5 | H37: 244 | I37: =+H37*1.5 -> 366 | J37: 56 BB de calidad
B38: 3 | C38: 1 | D38: 4 | E38: =+SUM(B38:D38) -> 8
E39: RENDIMIENTO | F39: UTILIZACIÓN | H39: SCM: lote 1 | I39: 30 | J39: Alfrente de Misti
G40: Operativos | H40: lote 2 | I40: 0
A41: H1 | B41: 0 | C41: 0 | D41: 2400 | E41: =+C41/D41 -> 0 | F41: =+B41/24 -> 0 | G41: 7 | H41: lote 3 | I41: 53 | J41: Alfrente de Misti
A42: H2 | B42: 12.34 | C42: 1721 | D42: 3600 | E42: =+C42/D42 -> 0.47805556 | F42: =+B42/24 -> 0.51416667 | G42: 12
A43: H3 | B43: 14.84 | C43: 1267 | D43: 3900 | E43: =+C43/D43 -> 0.32487179 | F43: =+B43/24 -> 0.61833333 | G43: 12
A44: H4 | B44: 9.71 | C44: 2744 | D44: 3900 | E44: =+C44/D44 -> 0.70358974 | F44: =+B44/24 -> 0.40458333 | G44: 11
A45: H5 | B45: 6.28 | C45: 2429 | D45: 3900 | E45: =+C45/D45 -> 0.62282051 | F45: =+B45/24 -> 0.26166667 | G45: 11
A46: V | B46: 3.19 | C46: 2562 | D46: 4300 | E46: =+C46/D46 -> 0.59581395 | F46: =+B46/24 -> 0.13291667 | G46: 16
C47: COMPUERTA | D47: HR
B48: SILO 8
C49: 3 | D49: Conectada
C50: 4 | D50: Conectada
C51: 5 | D51: 6
C52: 6 | D52: 4
C53: 7
C54: 8

Sheet 21.07
B1: =TODAY()-1 -> 46171 | E1: ME JULIO | G1: 45866 | H1: 4172 | I1: 45868 | J1: 9669
E2: 219352 | G2: 45867 | H2: 6617 | I2: 45869 | J2: 7423
B3: DESPACHO DEL DÍA POR TIPO DE CEMENTO | E3: =+E2/31 -> 7075.871 | H3: PLAN | I3: REAL | J3: %
D4: =D25 -> 5423.246 | F4: LUNES | G4: 45859 | H4: 5640 | I4: 5423.246 | J4: =+I4/H4 -> 0.96156844
B5: CEM. FRONTERA GU X 42.5 KG | C5: 1548 | D5: 65.99 | E5: =+D5/$D$4 -> 0.012167989 | F5: MARTES | G5: 45860 | H5: 8407 | J5: =+I5/H5 -> 0
B6: CEMENTO FRONTERA IP x 42.5 KG | C6: 14443 | D6: 615.876 | E6: =+D6/$D$4 -> 0.11356225 | F6: MIÉRCOLES | G6: 45861 | H6: 5223 | J6: =+I6/H6 -> 0
B7: CEMENTO HS+R X 42.5 KG RUMI | C7: 7015 | D7: 299.22 | E7: =+D7/$D$4 -> 0.055173599 | F7: JUEVES | G7: 45862 | H7: 7484 | J7: =+I7/H7 -> 0
B8: CEMENTO PORTLAND TIPO I X 42.5 KG YURA | C8: 770 | D8: 32.84 | E8: =+D8/$D$4 -> 0.006055414 | F8: VIERNES | G8: 45863 | H8: 8348 | J8: =+I8/H8 -> 0
B9: CEMENTO YURA ANTISALITRE (MS) X 42.5 KG | C9: 23828 | D9: 1016.294 | E9: =+D9/$D$4 -> 0.18739589 | F9: SÁBADO | G9: 45864 | H9: 8992 | J9: =+I9/H9 -> 0
B10: CEMENTO YURA MAX (HS) X 42.5KG | C10: 41405 | D10: 1765.378 | E10: =+D10/$D$4 -> 0.32552055 | F10: DOMINGO | G10: 45865 | H10: 5865 | J10: =+I10/H10 -> 0
B11: CEMENTO YURA PRO (HE) 42.5KG | C11: 7800 | D11: 333.378 | E11: =+D11/$D$4 -> 0.061472041 | H11: =+SUM(H4:H10) -> 49959 | I11: =+SUM(I4:I10) -> 5423.246 | J11: =+I11/H11 -> 0.10855393
B12: CEM YURA ESPECIAL (HS) X 42.5 KG | E12: =+D12/$D$4 -> 0
B13: CEM.PORTL.IP(GRADO CORRIENTE)X25KG CHILE | E13: =+D13/$D$4 -> 0 | H13: 2024 | I13: 2025
B14: CEMENTO PORT. PUZ. IP X 25 KG YURA | E14: =+D14/$D$4 -> 0 | G14: ENERO | H14: 204007.8 | I14: 190629.13 | J14: =+I14/H14 -> 0.93442077
B15: CEM. PORT. I BBx1.5TM INC.ENV YURA | C15: 42 | D15: 63.34 | E15: =+D15/$D$4 -> 0.011679352 | G15: FEBRERO | H15: 186305.94 | I15: 182874.29 | J15: =+I15/H15 -> 0.98158052
B16: CEM. PORT. PUZ. IP BBx1.5TM INC.ENV YURA | C16: 22 | D16: 33.02 | E16: =+D16/$D$4 -> 0.0060886045 | G16: MARZO | H16: 199570.19 | I16: 197224.22 | J16: =+I16/H16 -> 0.98824488
B17: CEMENTO YURA PRO (HE) BBx1.5TM INC.ENV | C17: 111 | D17: 168.06 | E17: =+D17/$D$4 -> 0.030988821 | G17: ABRIL | H17: 205343.73 | I17: 198970.76 | J17: =+I17/H17 -> 0.96896438
B18: CEM ALT REST IN HE BB1.5TM YURA ENV CHIL | C18: 45 | D18: 67.85 | E18: =+D18/$D$4 -> 0.012510957 | G18: MAYO | H18: 209473.77 | I18: 212393.17 | J18: =+I18/H18 -> 1.0139368
B19: CEM.YURA ANTISALITRE MS BBx1.5TM INC.ENV | C19: 45 | D19: 67.77 | E19: =+D19/$D$4 -> 0.012496206 | G19: JUNIO | H19: 196506.86 | I19: 204590 | J19: =+I19/H19 -> 1.0411341
B20: CEMENTO YURA MAX BBx1.5TM INC.ENV | C20: 184 | D20: 276.92 | E20: =+D20/$D$4 -> 0.05106167 | G20: JULIO | H20: 219516.24 | J20: =+I22/H22 -> 0.98790656
B21: CEM.ANTISALITRE HS BBx1.5TM INC.ENV YURA | C21: 109 | D21: 164.43 | E21: =+D21/$D$4 -> 0.03031948 | G21: AGOSTO | H21: 232937.96
B22: CEMENTO YURA MAX GRANEL BOMBONA | D22: 92.82 | E22: =+D22/$D$4 -> 0.017115211 | H22: =+SUM(H14:H19) -> 1201208.3 | I22: =+SUM(I14:I19) -> 1186681.6 | J22: =+I22-H22 -> -14526.736
B23: CEMENTO YURA IP A GRANEL EN BOMBONA | D23: 30.07 | E23: =+D23/$D$4 -> 0.0055446498
B24: CEMENTO YURA PRO (HE) GRANEL EN BOMBONA | D24: 329.99 | E24: =+D24/$D$4 -> 0.060847323
B25: DESPACHO T.M. DEL DIA | D25: =SUM(D5:D24) -> 5423.246 | E25: =+D25/$D$4 -> 1
B26: ACUMULADO MES | D26: 155442.71 | E26: =+D26/$E$2 -> 0.70864508
D27: =+(E2/31)*21 -> 148593.29 | E27: =+D27/E2 -> 0.67741935
D28: =+D26-D27 -> 6849.4247 | E28: =+E26-E27 -> 0.031225722
B30: TEMPORALES | D30: Capacidad ™ | E30: % | I30: TM
B31: TEMPORAL 1 | C31: 439 | D31: 2142 | E31: =+C31/D31 -> 0.20494865 | G31: CB 25 Kg. | H31: 1283 | I31: 32.075
B32: TEMPORAL 2 | C32: 744 | D32: 1890 | E32: =+C32/D32 -> 0.39365079 | G32: CB 25 Kg. PINGÜINO | H32: 14 | I32: 0.35
B33: MISTI | C33: 1277 | D33: 3006 | E33: =+C33/D33 -> 0.42481703 | G33: CB BIGBAG x 1.5TM | H33: 155 | I33: 232.5
C34: =+SUM(C31:C33) -> 2460 | D34: =+SUM(D31:D33) -> 7038 | E34: =+C34/D34 -> 0.34953112 | G34: filler | H34: 42 | I34: 63
G35: SCM | H35: 193 | I35: 289.5 | J35: 40 sin pase (22/07 tolva a 1m para llenar)
B36: CARROS | G36: CEM MICROFISURAS | H36: 22 | I36: 33
B37: PLAYA | C37: LLAMADO | D37: PROCESO DE C | E37: TOTAL | G37: CARBONATO 1.5 | H37: 244 | I37: =+H37*1.5 -> 366 | J37: 56 BB de calidad
B38: 53 | C38: 2 | D38: 14 | E38: =+SUM(B38:D38) -> 69
E39: RENDIMIENTO | F39: UTILIZACIÓN | H39: SCM: lote 1 | I39: 30 (Sin pase) | J39: Alfrente de Misti
G40: Operativos | H40: lote 2 | I40: 0
A41: H1 | B41: 0 | C41: 0 | D41: 2400 | E41: =+C41/D41 -> 0 | F41: =+B41/24 -> 0 | G41: 7 | H41: lote 3 | I41: 53 (Sin pase) | J41: Alfrente de Misti
A42: H2 | B42: 9.91 | C42: 1234 | D42: 3600 | E42: =+C42/D42 -> 0.34277778 | F42: =+B42/24 -> 0.41291667 | G42: 11
A43: H3 | B43: 8.09 | C43: 1248 | D43: 3900 | E43: =+C43/D43 -> 0.32 | F43: =+B43/24 -> 0.33708333 | G43: 12
A44: H4 | B44: 13.68 | C44: 2514 | D44: 3900 | E44: =+C44/D44 -> 0.64461538 | F44: =+B44/24 -> 0.57 | G44: 11
A45: H5 | B45: 12.26 | C45: 2854 | D45: 3900 | E45: =+C45/D45 -> 0.73179487 | F45: =+B45/24 -> 0.51083333 | G45: 11
A46: V | B46: 6.35 | C46: 2436 | D46: 4300 | E46: =+C46/D46 -> 0.56651163 | F46: =+B46/24 -> 0.26458333 | G46: 16
C47: COMPUERTA | D47: HR
B48: SILO 8
C49: 3 | D49: Conectada
C50: 4 | D50: Conectada
C51: 5 | D51: 8
C52: 6 | D52: 5
C53: 7
C54: 8

Sheet 23.07
B1: =TODAY()-1 -> 46171 | E1: ME JULIO | G1: 45866 | H1: 4172 | I1: 45868 | J1: 9669
E2: 219352 | G2: 45867 | H2: 6617 | I2: 45869 | J2: 7423
B3: DESPACHO DEL DÍA POR TIPO DE CEMENTO | E3: =+E2/31 -> 7075.871 | H3: PLAN | I3: REAL | J3: %
D4: =D25 -> 7568.752 | F4: LUNES | G4: 45859 | H4: 5640 | I4: 5423.246 | J4: =+I4/H4 -> 0.96156844
B5: CEM. FRONTERA GU X 42.5 KG | C5: 2360 | D5: 100.692 | E5: =+D5/$D$4 -> 0.013303646 | F5: MARTES | G5: 45860 | H5: 8407 | I5: 8739.72 | J5: =+I5/H5 -> 1.0395765
B6: CEMENTO FRONTERA IP x 42.5 KG | C6: 11510 | D6: 491.146 | E6: =+D6/$D$4 -> 0.064891279 | F6: MIÉRCOLES | G6: 45861 | H6: 5223 | I6: 7568.752 | J6: =+I6/H6 -> 1.4491197
B7: CEMENTO HS+R X 42.5 KG RUMI | C7: 18334 | D7: 782.394 | E7: =+D7/$D$4 -> 0.1033716 | F7: JUEVES | G7: 45862 | H7: 7484 | J7: =+I7/H7 -> 0
B8: CEMENTO PORTLAND TIPO I X 42.5 KG YURA | C8: 5784 | D8: 246.59 | E8: =+D8/$D$4 -> 0.032580008 | F8: VIERNES | G8: 45863 | H8: 8348 | J8: =+I8/H8 -> 0
B9: CEMENTO YURA ANTISALITRE (MS) X 42.5 KG | C9: 43440 | D9: 1854.334 | E9: =+D9/$D$4 -> 0.24499865 | F9: SÁBADO | G9: 45864 | H9: 8992 | J9: =+I9/H9 -> 0
B10: CEMENTO YURA MAX (HS) X 42.5KG | C10: 50245 | D10: 2142.666 | E10: =+D10/$D$4 -> 0.2830937 | F10: DOMINGO | G10: 45865 | H10: 5865 | J10: =+I10/H10 -> 0
B11: CEMENTO YURA PRO (HE) 42.5KG | C11: 8315 | D11: 355.14 | E11: =+D11/$D$4 -> 0.04692187 | H11: =+SUM(H4:H10) -> 49959 | I11: =+SUM(I4:I10) -> 21731.718 | J11: =+I11/H11 -> 0.43499105
B12: CEM YURA ESPECIAL (HS) X 42.5 KG | E12: =+D12/$D$4 -> 0
